Date,Campaign,Ad Set,Ad,Cost,Impression,Click,Purchase,Revenue
2025-04-20,전체800캠페인,전체800캠페인_웹사이트방문자90일,전체800캠페인_웹사이트방문자90일_3월_동영상2,$96.98,965,949,431,$441.17
2025-05-02,전체800캠페인,전체800캠페인_웹사이트방문자30일,전체800캠페인_웹사이트방문자30일_3월_동영상5,$35.34,606,438,329,$729.75
2025-03-06,전체700캠페인,전체700캠페인_웹사이트방문자90일,전체700캠페인_웹사이트방문자90일_3월_동영상2,$50.56,645,452,19,$86.54
2025-04-29,전체700캠페인,전체700캠페인_웹사이트방문자90일,전체700캠페인_웹사이트방문자90일_3월_동영상2,$59.41,701,303,86,$996.95
2025-05-04,전체1000캠페인,전체1000캠페인_웹사이트방문자30일,전체1000캠페인_웹사이트방문자30일_3월_동영상3,$22.49,144,24,16,$96.29
2025-04-26,전체1000캠페인,전체1000캠페인_웹사이트방문자60일,전체1000캠페인_웹사이트방문자60일_3월_동영상2,$48.68,277,112,63,$407.59
2025-05-03,전체800캠페인,전체800캠페인_웹사이트방문자30일,전체800캠페인_웹사이트방문자30일_3월_동영상1,$57.20,467,322,15,$29.31
2025-05-01,전체700캠페인,전체700캠페인_웹사이트방문자60일,전체700캠페인_웹사이트방문자60일_3월_동영상5,$76.83,310,292,9,$651.96
2025-03-09,전체800캠페인,전체800캠페인_웹사이트방문자60일,전체800캠페인_웹사이트방문자60일_3월_동영상5,$87.59,874,135,84,$33.00
2025-03-01,전체800캠페인,전체800캠페인_웹사이트방문자90일,전체800캠페인_웹사이트방문자90일_3월_동영상3,$55.51,428,402,370,$660.36
2025-03-30,전체400캠페인,전체400캠페인_웹사이트방문자60일,전체400캠페인_웹사이트방문자60일_3월_동영상1,$88.20,658,381,44,$143.31
2025-03-19,전체400캠페인,전체400캠페인_웹사이트방문자60일,전체400캠페인_웹사이트방문자60일_3월_동영상5,$56.34,801,133,55,$74.96
2025-03-06,전체1000캠페인,전체1000캠페인_웹사이트방문자60일,전체1000캠페인_웹사이트방문자60일_3월_동영상1,$29.15,857,665,578,$174.54
2025-03-22,전체400캠페인,전체400캠페인_웹사이트방문자60일,전체400캠페인_웹사이트방문자60일_3월_동영상2,$28.30,730,716,482,$855.20
2025-05-18,전체1000캠페인,전체1000캠페인_웹사이트방문자60일,전체1000캠페인_웹사이트방문자60일_3월_동영상5,$44.37,942,314,282,$596.60
2025-04-10,전체400캠페인,전체400캠페인_웹사이트방문자60일,전체400캠페인_웹사이트방문자60일_3월_동영상5,$91.88,370,355,122,$697.81
2025-05-27,전체800캠페인,전체800캠페인_웹사이트방문자30일,전체800캠페인_웹사이트방문자30일_3월_동영상1,$64.66,544,311,64,$544.49
2025-04-22,전체800캠페인,전체800캠페인_웹사이트방문자60일,전체800캠페인_웹사이트방문자60일_3월_동영상3,$46.38,244,184,178,$693.34
2025-03-24,전체1000캠페인,전체1000캠페인_웹사이트방문자90일,전체1000캠페인_웹사이트방문자90일_3월_동영상2,$25.53,484,198,88,$63.69
2025-05-10,전체700캠페인,전체700캠페인_웹사이트방문자30일,전체700캠페인_웹사이트방문자30일_3월_동영상2,$93.21,150,110,3,$20.43
2025-04-02,전체1000캠페인,전체1000캠페인_웹사이트방문자60일,전체1000캠페인_웹사이트방문자60일_3월_동영상1,$23.32,220,52,28,$934.60
2025-04-05,전체700캠페인,전체700캠페인_웹사이트방문자90일,전체700캠페인_웹사이트방문자90일_3월_동영상5,$85.92,573,336,116,$284.11
2025-05-19,전체1000캠페인,전체1000캠페인_웹사이트방문자60일,전체1000캠페인_웹사이트방문자60일_3월_동영상3,$75.37,423,258,163,$611.24
2025-05-11,전체400캠페인,전체400캠페인_웹사이트방문자60일,전체400캠페인_웹사이트방문자60일_3월_동영상5,$71.58,958,619,349,$685.97
2025-05-07,전체400캠페인,전체400캠페인_웹사이트방문자90일,전체400캠페인_웹사이트방문자90일_3월_동영상1,$68.44,408,147,97,$703.17
2025-04-29,전체800캠페인,전체800캠페인_웹사이트방문자90일,전체800캠페인_웹사이트방문자90일_3월_동영상4,$91.12,246,171,59,$836.88
2025-03-13,전체800캠페인,전체800캠페인_웹사이트방문자30일,전체800캠페인_웹사이트방문자30일_3월_동영상2,$15.25,284,46,34,$894.30
2025-03-06,전체700캠페인,전체700캠페인_웹사이트방문자60일,전체700캠페인_웹사이트방문자60일_3월_동영상5,$77.65,707,446,392,$819.72
2025-05-02,전체1000캠페인,전체1000캠페인_웹사이트방문자60일,전체1000캠페인_웹사이트방문자60일_3월_동영상4,$91.63,698,499,430,$395.54
2025-03-04,전체400캠페인,전체400캠페인_웹사이트방문자60일,전체400캠페인_웹사이트방문자60일_3월_동영상2,$74.61,579,465,117,$588.84
2025-03-23,전체800캠페인,전체800캠페인_웹사이트방문자60일,전체800캠페인_웹사이트방문자60일_3월_동영상5,$36.98,900,459,297,$419.35
2025-03-23,전체300캠페인,전체300캠페인_웹사이트방문자90일,전체300캠페인_웹사이트방문자90일_3월_동영상1,$8.77,354,104,77,$990.49
2025-04-17,전체800캠페인,전체800캠페인_웹사이트방문자30일,전체800캠페인_웹사이트방문자30일_3월_동영상5,$69.51,302,82,46,$965.11
2025-03-04,전체800캠페인,전체800캠페인_웹사이트방문자60일,전체800캠페인_웹사이트방문자60일_3월_동영상2,$83.64,794,339,63,$409.22
2025-04-27,전체300캠페인,전체300캠페인_웹사이트방문자90일,전체300캠페인_웹사이트방문자90일_3월_동영상1,$45.18,290,113,65,$475.81
2025-04-11,전체1000캠페인,전체1000캠페인_웹사이트방문자90일,전체1000캠페인_웹사이트방문자90일_3월_동영상3,$91.80,768,424,398,$576.69
2025-05-19,전체300캠페인,전체300캠페인_웹사이트방문자90일,전체300캠페인_웹사이트방문자90일_3월_동영상4,$22.80,988,431,258,$710.68
2025-05-24,전체700캠페인,전체700캠페인_웹사이트방문자90일,전체700캠페인_웹사이트방문자90일_3월_동영상1,$89.35,83,32,1,$615.72
2025-05-22,전체1000캠페인,전체1000캠페인_웹사이트방문자90일,전체1000캠페인_웹사이트방문자90일_3월_동영상4,$94.46,184,151,118,$821.59
2025-03-16,전체700캠페인,전체700캠페인_웹사이트방문자60일,전체700캠페인_웹사이트방문자60일_3월_동영상2,$14.30,822,821,730,$397.56
2025-05-10,전체700캠페인,전체700캠페인_웹사이트방문자90일,전체700캠페인_웹사이트방문자90일_3월_동영상5,$64.46,234,54,52,$677.96
2025-04-25,전체400캠페인,전체400캠페인_웹사이트방문자30일,전체400캠페인_웹사이트방문자30일_3월_동영상2,$72.41,86,72,63,$901.91
2025-05-02,전체1000캠페인,전체1000캠페인_웹사이트방문자60일,전체1000캠페인_웹사이트방문자60일_3월_동영상5,$69.24,158,146,29,$678.07
2025-05-16,전체700캠페인,전체700캠페인_웹사이트방문자90일,전체700캠페인_웹사이트방문자90일_3월_동영상1,$93.96,818,385,301,$624.36
2025-05-19,전체1000캠페인,전체1000캠페인_웹사이트방문자60일,전체1000캠페인_웹사이트방문자60일_3월_동영상2,$9.07,787,44,20,$765.45
2025-05-02,전체700캠페인,전체700캠페인_웹사이트방문자90일,전체700캠페인_웹사이트방문자90일_3월_동영상5,$10.27,837,64,26,$439.15
2025-05-28,전체1000캠페인,전체1000캠페인_웹사이트방문자60일,전체1000캠페인_웹사이트방문자60일_3월_동영상2,$23.36,676,408,217,$622.49
2025-04-23,전체1000캠페인,전체1000캠페인_웹사이트방문자60일,전체1000캠페인_웹사이트방문자60일_3월_동영상5,$85.72,77,45,39,$121.86
2025-04-13,전체800캠페인,전체800캠페인_웹사이트방문자90일,전체800캠페인_웹사이트방문자90일_3월_동영상5,$11.70,373,55,3,$617.27
2025-03-13,전체400캠페인,전체400캠페인_웹사이트방문자90일,전체400캠페인_웹사이트방문자90일_3월_동영상4,$75.27,777,664,475,$430.08
2025-05-11,전체400캠페인,전체400캠페인_웹사이트방문자30일,전체400캠페인_웹사이트방문자30일_3월_동영상2,$36.96,813,738,638,$809.96
2025-04-26,전체1000캠페인,전체1000캠페인_웹사이트방문자60일,전체1000캠페인_웹사이트방문자60일_3월_동영상1,$7.35,311,229,47,$885.97
2025-03-05,전체800캠페인,전체800캠페인_웹사이트방문자60일,전체800캠페인_웹사이트방문자60일_3월_동영상3,$13.97,690,537,236,$506.43
2025-04-19,전체1000캠페인,전체1000캠페인_웹사이트방문자60일,전체1000캠페인_웹사이트방문자60일_3월_동영상2,$76.84,538,142,69,$262.89
2025-03-10,전체1000캠페인,전체1000캠페인_웹사이트방문자90일,전체1000캠페인_웹사이트방문자90일_3월_동영상1,$20.90,910,497,491,$394.97
2025-03-11,전체400캠페인,전체400캠페인_웹사이트방문자90일,전체400캠페인_웹사이트방문자90일_3월_동영상1,$44.94,518,202,130,$555.06
2025-05-20,전체400캠페인,전체400캠페인_웹사이트방문자90일,전체400캠페인_웹사이트방문자90일_3월_동영상5,$51.86,478,3,3,$467.11
2025-05-19,전체700캠페인,전체700캠페인_웹사이트방문자90일,전체700캠페인_웹사이트방문자90일_3월_동영상3,$32.28,307,274,182,$562.42
2025-05-30,전체1000캠페인,전체1000캠페인_웹사이트방문자60일,전체1000캠페인_웹사이트방문자60일_3월_동영상5,$50.63,526,385,261,$955.33
2025-05-02,전체700캠페인,전체700캠페인_웹사이트방문자30일,전체700캠페인_웹사이트방문자30일_3월_동영상4,$78.92,334,163,48,$743.02
2025-05-30,전체700캠페인,전체700캠페인_웹사이트방문자90일,전체700캠페인_웹사이트방문자90일_3월_동영상1,$92.93,855,375,110,$955.82
2025-05-15,전체800캠페인,전체800캠페인_웹사이트방문자60일,전체800캠페인_웹사이트방문자60일_3월_동영상5,$93.04,203,78,32,$830.41
2025-04-24,전체800캠페인,전체800캠페인_웹사이트방문자60일,전체800캠페인_웹사이트방문자60일_3월_동영상2,$50.41,788,499,318,$512.35
2025-04-11,전체400캠페인,전체400캠페인_웹사이트방문자60일,전체400캠페인_웹사이트방문자60일_3월_동영상2,$25.70,443,180,118,$475.61
2025-04-26,전체700캠페인,전체700캠페인_웹사이트방문자30일,전체700캠페인_웹사이트방문자30일_3월_동영상1,$15.18,956,96,3,$628.33
2025-05-06,전체800캠페인,전체800캠페인_웹사이트방문자30일,전체800캠페인_웹사이트방문자30일_3월_동영상1,$98.77,267,220,174,$593.27
2025-05-02,전체800캠페인,전체800캠페인_웹사이트방문자60일,전체800캠페인_웹사이트방문자60일_3월_동영상5,$64.44,622,215,54,$136.13
2025-04-23,전체800캠페인,전체800캠페인_웹사이트방문자90일,전체800캠페인_웹사이트방문자90일_3월_동영상2,$31.66,202,75,37,$384.94
2025-04-26,전체1000캠페인,전체1000캠페인_웹사이트방문자60일,전체1000캠페인_웹사이트방문자60일_3월_동영상5,$63.52,265,265,80,$242.51
2025-05-19,전체1000캠페인,전체1000캠페인_웹사이트방문자60일,전체1000캠페인_웹사이트방문자60일_3월_동영상2,$45.21,831,627,185,$850.00
2025-04-30,전체700캠페인,전체700캠페인_웹사이트방문자60일,전체700캠페인_웹사이트방문자60일_3월_동영상5,$23.13,336,122,81,$548.97
2025-04-13,전체1000캠페인,전체1000캠페인_웹사이트방문자60일,전체1000캠페인_웹사이트방문자60일_3월_동영상5,$59.66,553,491,247,$958.88
2025-03-21,전체700캠페인,전체700캠페인_웹사이트방문자60일,전체700캠페인_웹사이트방문자60일_3월_동영상2,$52.07,978,295,99,$939.16
2025-03-10,전체700캠페인,전체700캠페인_웹사이트방문자90일,전체700캠페인_웹사이트방문자90일_3월_동영상3,$36.04,384,246,121,$558.00
2025-04-03,전체800캠페인,전체800캠페인_웹사이트방문자60일,전체800캠페인_웹사이트방문자60일_3월_동영상3,$53.45,801,75,0,$5.09
2025-03-14,전체800캠페인,전체800캠페인_웹사이트방문자90일,전체800캠페인_웹사이트방문자90일_3월_동영상5,$41.68,939,11,4,$524.50
2025-03-26,전체1000캠페인,전체1000캠페인_웹사이트방문자60일,전체1000캠페인_웹사이트방문자60일_3월_동영상5,$57.52,779,212,85,$566.34
2025-05-04,전체1000캠페인,전체1000캠페인_웹사이트방문자60일,전체1000캠페인_웹사이트방문자60일_3월_동영상1,$21.91,819,645,406,$946.25
2025-04-16,전체400캠페인,전체400캠페인_웹사이트방문자90일,전체400캠페인_웹사이트방문자90일_3월_동영상5,$77.98,990,335,26,$830.31
2025-05-13,전체800캠페인,전체800캠페인_웹사이트방문자60일,전체800캠페인_웹사이트방문자60일_3월_동영상5,$75.63,379,87,72,$544.41
2025-05-08,전체400캠페인,전체400캠페인_웹사이트방문자90일,전체400캠페인_웹사이트방문자90일_3월_동영상1,$54.34,95,10,10,$262.41
2025-05-18,전체800캠페인,전체800캠페인_웹사이트방문자90일,전체800캠페인_웹사이트방문자90일_3월_동영상5,$50.46,81,16,13,$393.88
2025-05-10,전체400캠페인,전체400캠페인_웹사이트방문자60일,전체400캠페인_웹사이트방문자60일_3월_동영상1,$87.46,944,448,181,$497.43
2025-04-19,전체800캠페인,전체800캠페인_웹사이트방문자30일,전체800캠페인_웹사이트방문자30일_3월_동영상1,$58.71,268,160,84,$952.66
2025-04-28,전체700캠페인,전체700캠페인_웹사이트방문자60일,전체700캠페인_웹사이트방문자60일_3월_동영상2,$46.24,443,163,49,$952.02
2025-04-18,전체700캠페인,전체700캠페인_웹사이트방문자90일,전체700캠페인_웹사이트방문자90일_3월_동영상3,$15.37,271,70,59,$592.58
2025-04-30,전체1000캠페인,전체1000캠페인_웹사이트방문자60일,전체1000캠페인_웹사이트방문자60일_3월_동영상5,$25.87,768,402,292,$777.38
2025-03-16,전체400캠페인,전체400캠페인_웹사이트방문자90일,전체400캠페인_웹사이트방문자90일_3월_동영상1,$83.31,106,91,51,$993.96
2025-05-06,전체400캠페인,전체400캠페인_웹사이트방문자60일,전체400캠페인_웹사이트방문자60일_3월_동영상2,$78.05,591,580,180,$565.11
2025-03-06,전체700캠페인,전체700캠페인_웹사이트방문자30일,전체700캠페인_웹사이트방문자30일_3월_동영상2,$67.79,477,12,7,$429.08
2025-04-30,전체400캠페인,전체400캠페인_웹사이트방문자30일,전체400캠페인_웹사이트방문자30일_3월_동영상2,$83.83,847,392,109,$489.07
2025-04-18,전체300캠페인,전체300캠페인_웹사이트방문자90일,전체300캠페인_웹사이트방문자90일_3월_동영상2,$19.33,297,181,175,$664.04
2025-03-11,전체300캠페인,전체300캠페인_웹사이트방문자90일,전체300캠페인_웹사이트방문자90일_3월_동영상5,$72.23,184,100,38,$388.67
2025-05-23,전체1000캠페인,전체1000캠페인_웹사이트방문자90일,전체1000캠페인_웹사이트방문자90일_3월_동영상3,$6.96,546,346,326,$722.76
2025-03-04,전체700캠페인,전체700캠페인_웹사이트방문자90일,전체700캠페인_웹사이트방문자90일_3월_동영상1,$99.68,514,491,212,$112.45
2025-04-01,전체800캠페인,전체800캠페인_웹사이트방문자30일,전체800캠페인_웹사이트방문자30일_3월_동영상2,$29.96,612,429,198,$247.47
2025-04-16,전체800캠페인,전체800캠페인_웹사이트방문자60일,전체800캠페인_웹사이트방문자60일_3월_동영상3,$51.72,318,168,80,$3.58
2025-04-25,전체1000캠페인,전체1000캠페인_웹사이트방문자60일,전체1000캠페인_웹사이트방문자60일_3월_동영상4,$6.32,258,170,47,$846.89
2025-04-22,전체800캠페인,전체800캠페인_웹사이트방문자90일,전체800캠페인_웹사이트방문자90일_3월_동영상4,$37.26,177,51,24,$732.60
2025-05-12,전체300캠페인,전체300캠페인_웹사이트방문자90일,전체300캠페인_웹사이트방문자90일_3월_동영상1,$31.79,891,600,162,$399.76
2025-03-27,전체400캠페인,전체400캠페인_웹사이트방문자90일,전체400캠페인_웹사이트방문자90일_3월_동영상1,$68.63,901,542,215,$431.69
2025-04-20,전체700캠페인,전체700캠페인_웹사이트방문자90일,전체700캠페인_웹사이트방문자90일_3월_동영상5,$22.73,928,423,8,$708.38
2025-04-24,전체700캠페인,전체700캠페인_웹사이트방문자90일,전체700캠페인_웹사이트방문자90일_3월_동영상2,$25.13,60,42,28,$996.43
2025-03-24,전체700캠페인,전체700캠페인_웹사이트방문자90일,전체700캠페인_웹사이트방문자90일_3월_동영상1,$33.68,818,27,21,$263.52
2025-04-21,전체800캠페인,전체800캠페인_웹사이트방문자90일,전체800캠페인_웹사이트방문자90일_3월_동영상3,$96.32,315,108,66,$827.24
2025-05-03,전체1000캠페인,전체1000캠페인_웹사이트방문자60일,전체1000캠페인_웹사이트방문자60일_3월_동영상3,$11.04,661,605,278,$165.13
2025-05-31,전체700캠페인,전체700캠페인_웹사이트방문자60일,전체700캠페인_웹사이트방문자60일_3월_동영상5,$43.33,244,125,1,$140.00
2025-03-02,전체700캠페인,전체700캠페인_웹사이트방문자90일,전체700캠페인_웹사이트방문자90일_3월_동영상2,$79.82,282,99,74,$602.90
2025-04-22,전체1000캠페인,전체1000캠페인_웹사이트방문자90일,전체1000캠페인_웹사이트방문자90일_3월_동영상3,$43.53,95,61,45,$982.92
2025-03-06,전체1000캠페인,전체1000캠페인_웹사이트방문자60일,전체1000캠페인_웹사이트방문자60일_3월_동영상1,$50.87,936,82,74,$11.62
2025-04-27,전체300캠페인,전체300캠페인_웹사이트방문자90일,전체300캠페인_웹사이트방문자90일_3월_동영상3,$22.61,893,867,655,$321.01
2025-05-19,전체700캠페인,전체700캠페인_웹사이트방문자90일,전체700캠페인_웹사이트방문자90일_3월_동영상4,$82.91,587,483,224,$41.94
2025-05-24,전체300캠페인,전체300캠페인_웹사이트방문자90일,전체300캠페인_웹사이트방문자90일_3월_동영상5,$61.02,674,130,47,$39.77
2025-04-26,전체400캠페인,전체400캠페인_웹사이트방문자90일,전체400캠페인_웹사이트방문자90일_3월_동영상1,$8.09,181,72,63,$396.46
2025-03-20,전체300캠페인,전체300캠페인_웹사이트방문자90일,전체300캠페인_웹사이트방문자90일_3월_동영상2,$77.51,264,161,135,$628.65
2025-05-24,전체700캠페인,전체700캠페인_웹사이트방문자30일,전체700캠페인_웹사이트방문자30일_3월_동영상1,$98.15,939,900,354,$648.07
2025-04-30,전체700캠페인,전체700캠페인_웹사이트방문자90일,전체700캠페인_웹사이트방문자90일_3월_동영상1,$29.49,952,935,261,$822.71
2025-03-19,전체400캠페인,전체400캠페인_웹사이트방문자30일,전체400캠페인_웹사이트방문자30일_3월_동영상2,$51.96,273,42,35,$44.97
2025-05-03,전체800캠페인,전체800캠페인_웹사이트방문자90일,전체800캠페인_웹사이트방문자90일_3월_동영상3,$27.85,647,531,348,$740.95
2025-03-31,전체800캠페인,전체800캠페인_웹사이트방문자60일,전체800캠페인_웹사이트방문자60일_3월_동영상3,$99.87,778,731,266,$747.55
2025-03-06,전체800캠페인,전체800캠페인_웹사이트방문자30일,전체800캠페인_웹사이트방문자30일_3월_동영상1,$11.85,60,21,13,$737.56
2025-04-24,전체1000캠페인,전체1000캠페인_웹사이트방문자30일,전체1000캠페인_웹사이트방문자30일_3월_동영상3,$62.43,512,103,38,$52.93
2025-03-26,전체300캠페인,전체300캠페인_웹사이트방문자90일,전체300캠페인_웹사이트방문자90일_3월_동영상1,$75.26,891,809,540,$540.34
2025-05-11,전체700캠페인,전체700캠페인_웹사이트방문자90일,전체700캠페인_웹사이트방문자90일_3월_동영상2,$30.41,559,103,39,$839.70
2025-05-02,전체1000캠페인,전체1000캠페인_웹사이트방문자60일,전체1000캠페인_웹사이트방문자60일_3월_동영상2,$71.44,791,369,141,$38.18
2025-03-14,전체400캠페인,전체400캠페인_웹사이트방문자90일,전체400캠페인_웹사이트방문자90일_3월_동영상4,$82.27,602,306,233,$535.61
2025-03-05,전체800캠페인,전체800캠페인_웹사이트방문자90일,전체800캠페인_웹사이트방문자90일_3월_동영상5,$22.38,174,128,20,$500.48
2025-04-17,전체800캠페인,전체800캠페인_웹사이트방문자90일,전체800캠페인_웹사이트방문자90일_3월_동영상3,$56.77,616,301,89,$268.88
2025-03-08,전체1000캠페인,전체1000캠페인_웹사이트방문자60일,전체1000캠페인_웹사이트방문자60일_3월_동영상5,$19.55,921,208,136,$337.13
2025-03-15,전체300캠페인,전체300캠페인_웹사이트방문자90일,전체300캠페인_웹사이트방문자90일_3월_동영상5,$57.06,898,293,92,$153.11
2025-05-16,전체400캠페인,전체400캠페인_웹사이트방문자60일,전체400캠페인_웹사이트방문자60일_3월_동영상1,$88.56,371,164,92,$622.01
2025-04-30,전체800캠페인,전체800캠페인_웹사이트방문자90일,전체800캠페인_웹사이트방문자90일_3월_동영상2,$45.44,403,277,123,$664.52
2025-04-20,전체400캠페인,전체400캠페인_웹사이트방문자60일,전체400캠페인_웹사이트방문자60일_3월_동영상2,$64.31,657,637,393,$427.82
2025-03-06,전체400캠페인,전체400캠페인_웹사이트방문자60일,전체400캠페인_웹사이트방문자60일_3월_동영상3,$33.87,895,411,217,$34.78
2025-04-30,전체1000캠페인,전체1000캠페인_웹사이트방문자60일,전체1000캠페인_웹사이트방문자60일_3월_동영상4,$59.54,984,947,890,$494.55
2025-05-19,전체800캠페인,전체800캠페인_웹사이트방문자60일,전체800캠페인_웹사이트방문자60일_3월_동영상5,$82.19,485,3,3,$156.91
2025-05-03,전체300캠페인,전체300캠페인_웹사이트방문자90일,전체300캠페인_웹사이트방문자90일_3월_동영상2,$89.53,974,830,464,$859.77
2025-05-10,전체800캠페인,전체800캠페인_웹사이트방문자60일,전체800캠페인_웹사이트방문자60일_3월_동영상2,$46.67,336,177,164,$95.01
2025-03-12,전체300캠페인,전체300캠페인_웹사이트방문자90일,전체300캠페인_웹사이트방문자90일_3월_동영상1,$50.18,579,241,36,$234.89
2025-05-20,전체1000캠페인,전체1000캠페인_웹사이트방문자60일,전체1000캠페인_웹사이트방문자60일_3월_동영상3,$75.64,146,87,28,$6.66
2025-05-31,전체700캠페인,전체700캠페인_웹사이트방문자90일,전체700캠페인_웹사이트방문자90일_3월_동영상4,$59.18,339,246,49,$186.46
2025-05-31,전체400캠페인,전체400캠페인_웹사이트방문자60일,전체400캠페인_웹사이트방문자60일_3월_동영상5,$91.52,614,106,77,$76.14
2025-03-06,전체1000캠페인,전체1000캠페인_웹사이트방문자60일,전체1000캠페인_웹사이트방문자60일_3월_동영상3,$53.04,947,694,100,$586.51
2025-05-14,전체1000캠페인,전체1000캠페인_웹사이트방문자90일,전체1000캠페인_웹사이트방문자90일_3월_동영상2,$33.36,550,121,60,$43.74
2025-05-29,전체800캠페인,전체800캠페인_웹사이트방문자90일,전체800캠페인_웹사이트방문자90일_3월_동영상2,$87.17,158,37,34,$629.59
2025-04-23,전체400캠페인,전체400캠페인_웹사이트방문자30일,전체400캠페인_웹사이트방문자30일_3월_동영상2,$76.35,673,12,1,$869.55
2025-04-05,전체800캠페인,전체800캠페인_웹사이트방문자30일,전체800캠페인_웹사이트방문자30일_3월_동영상3,$10.31,736,276,2,$974.65
2025-05-01,전체800캠페인,전체800캠페인_웹사이트방문자30일,전체800캠페인_웹사이트방문자30일_3월_동영상2,$87.38,615,532,351,$412.66
2025-03-17,전체400캠페인,전체400캠페인_웹사이트방문자90일,전체400캠페인_웹사이트방문자90일_3월_동영상1,$79.54,388,134,85,$170.22
2025-03-22,전체800캠페인,전체800캠페인_웹사이트방문자30일,전체800캠페인_웹사이트방문자30일_3월_동영상2,$16.91,702,298,159,$752.84
2025-04-21,전체1000캠페인,전체1000캠페인_웹사이트방문자90일,전체1000캠페인_웹사이트방문자90일_3월_동영상4,$89.50,75,62,43,$52.88
2025-03-06,전체1000캠페인,전체1000캠페인_웹사이트방문자60일,전체1000캠페인_웹사이트방문자60일_3월_동영상2,$51.87,680,52,48,$203.52
2025-03-13,전체1000캠페인,전체1000캠페인_웹사이트방문자60일,전체1000캠페인_웹사이트방문자60일_3월_동영상2,$23.65,599,466,91,$747.22
2025-03-07,전체800캠페인,전체800캠페인_웹사이트방문자90일,전체800캠페인_웹사이트방문자90일_3월_동영상5,$70.00,194,122,27,$339.87
2025-04-19,전체1000캠페인,전체1000캠페인_웹사이트방문자90일,전체1000캠페인_웹사이트방문자90일_3월_동영상3,$85.05,966,351,265,$612.58
2025-03-03,전체400캠페인,전체400캠페인_웹사이트방문자60일,전체400캠페인_웹사이트방문자60일_3월_동영상1,$62.31,156,8,3,$293.49
2025-04-27,전체400캠페인,전체400캠페인_웹사이트방문자60일,전체400캠페인_웹사이트방문자60일_3월_동영상1,$74.37,119,73,60,$63.77
2025-05-08,전체1000캠페인,전체1000캠페인_웹사이트방문자60일,전체1000캠페인_웹사이트방문자60일_3월_동영상4,$23.22,116,26,3,$122.28
2025-03-06,전체400캠페인,전체400캠페인_웹사이트방문자60일,전체400캠페인_웹사이트방문자60일_3월_동영상5,$43.99,540,486,40,$682.79
2025-03-23,전체400캠페인,전체400캠페인_웹사이트방문자90일,전체400캠페인_웹사이트방문자90일_3월_동영상3,$51.87,746,661,629,$537.55
2025-05-01,전체800캠페인,전체800캠페인_웹사이트방문자30일,전체800캠페인_웹사이트방문자30일_3월_동영상3,$60.89,784,728,688,$833.85
2025-03-21,전체300캠페인,전체300캠페인_웹사이트방문자90일,전체300캠페인_웹사이트방문자90일_3월_동영상3,$24.54,837,813,508,$296.06
2025-05-19,전체1000캠페인,전체1000캠페인_웹사이트방문자90일,전체1000캠페인_웹사이트방문자90일_3월_동영상5,$32.06,338,143,60,$96.74
2025-05-13,전체1000캠페인,전체1000캠페인_웹사이트방문자30일,전체1000캠페인_웹사이트방문자30일_3월_동영상3,$39.12,361,242,96,$386.05
2025-03-06,전체800캠페인,전체800캠페인_웹사이트방문자30일,전체800캠페인_웹사이트방문자30일_3월_동영상1,$54.77,173,77,59,$791.55
2025-04-02,전체400캠페인,전체400캠페인_웹사이트방문자60일,전체400캠페인_웹사이트방문자60일_3월_동영상1,$75.48,600,391,229,$31.90
2025-03-15,전체300캠페인,전체300캠페인_웹사이트방문자90일,전체300캠페인_웹사이트방문자90일_3월_동영상5,$62.04,829,352,147,$927.77
2025-03-11,전체1000캠페인,전체1000캠페인_웹사이트방문자60일,전체1000캠페인_웹사이트방문자60일_3월_동영상1,$86.80,308,105,59,$676.12
2025-04-24,전체400캠페인,전체400캠페인_웹사이트방문자90일,전체400캠페인_웹사이트방문자90일_3월_동영상3,$7.62,609,60,30,$194.44
2025-05-07,전체700캠페인,전체700캠페인_웹사이트방문자90일,전체700캠페인_웹사이트방문자90일_3월_동영상5,$45.62,624,103,71,$131.99
2025-05-24,전체400캠페인,전체400캠페인_웹사이트방문자30일,전체400캠페인_웹사이트방문자30일_3월_동영상2,$83.42,459,229,104,$834.11
2025-04-01,전체400캠페인,전체400캠페인_웹사이트방문자90일,전체400캠페인_웹사이트방문자90일_3월_동영상1,$82.60,633,383,302,$702.25
2025-04-11,전체1000캠페인,전체1000캠페인_웹사이트방문자60일,전체1000캠페인_웹사이트방문자60일_3월_동영상5,$71.76,190,114,98,$438.20
2025-05-09,전체400캠페인,전체400캠페인_웹사이트방문자30일,전체400캠페인_웹사이트방문자30일_3월_동영상2,$35.96,50,6,1,$64.70
2025-04-25,전체800캠페인,전체800캠페인_웹사이트방문자90일,전체800캠페인_웹사이트방문자90일_3월_동영상2,$17.09,955,446,112,$818.64
2025-04-11,전체400캠페인,전체400캠페인_웹사이트방문자30일,전체400캠페인_웹사이트방문자30일_3월_동영상2,$15.05,926,738,667,$587.28
2025-04-03,전체700캠페인,전체700캠페인_웹사이트방문자90일,전체700캠페인_웹사이트방문자90일_3월_동영상3,$44.67,377,97,48,$377.79
2025-05-01,전체800캠페인,전체800캠페인_웹사이트방문자30일,전체800캠페인_웹사이트방문자30일_3월_동영상5,$21.61,435,291,59,$833.32
2025-04-18,전체700캠페인,전체700캠페인_웹사이트방문자30일,전체700캠페인_웹사이트방문자30일_3월_동영상2,$58.26,586,302,245,$231.85
2025-05-26,전체1000캠페인,전체1000캠페인_웹사이트방문자60일,전체1000캠페인_웹사이트방문자60일_3월_동영상2,$52.51,128,3,1,$319.28
2025-04-09,전체300캠페인,전체300캠페인_웹사이트방문자90일,전체300캠페인_웹사이트방문자90일_3월_동영상4,$90.63,853,65,63,$547.28
2025-05-09,전체300캠페인,전체300캠페인_웹사이트방문자90일,전체300캠페인_웹사이트방문자90일_3월_동영상3,$86.57,673,413,64,$79.38
2025-05-19,전체1000캠페인,전체1000캠페인_웹사이트방문자60일,전체1000캠페인_웹사이트방문자60일_3월_동영상1,$22.04,655,303,280,$41.55
2025-05-25,전체1000캠페인,전체1000캠페인_웹사이트방문자60일,전체1000캠페인_웹사이트방문자60일_3월_동영상1,$70.65,996,609,501,$709.28
2025-04-21,전체700캠페인,전체700캠페인_웹사이트방문자30일,전체700캠페인_웹사이트방문자30일_3월_동영상1,$15.51,464,311,37,$761.95
2025-03-06,전체700캠페인,전체700캠페인_웹사이트방문자90일,전체700캠페인_웹사이트방문자90일_3월_동영상1,$50.36,861,575,491,$580.42
2025-03-07,전체800캠페인,전체800캠페인_웹사이트방문자60일,전체800캠페인_웹사이트방문자60일_3월_동영상3,$76.82,268,49,42,$891.50
2025-05-01,전체1000캠페인,전체1000캠페인_웹사이트방문자60일,전체1000캠페인_웹사이트방문자60일_3월_동영상2,$29.23,852,16,15,$387.26
2025-05-25,전체800캠페인,전체800캠페인_웹사이트방문자30일,전체800캠페인_웹사이트방문자30일_3월_동영상1,$7.17,175,73,55,$620.19
2025-03-01,전체1000캠페인,전체1000캠페인_웹사이트방문자60일,전체1000캠페인_웹사이트방문자60일_3월_동영상3,$97.37,909,837,158,$485.15
2025-05-21,전체1000캠페인,전체1000캠페인_웹사이트방문자60일,전체1000캠페인_웹사이트방문자60일_3월_동영상5,$63.19,651,147,4,$364.16
2025-05-19,전체1000캠페인,전체1000캠페인_웹사이트방문자60일,전체1000캠페인_웹사이트방문자60일_3월_동영상1,$11.33,816,612,554,$763.46
2025-03-05,전체400캠페인,전체400캠페인_웹사이트방문자90일,전체400캠페인_웹사이트방문자90일_3월_동영상4,$55.10,218,63,24,$850.66
2025-05-22,전체300캠페인,전체300캠페인_웹사이트방문자90일,전체300캠페인_웹사이트방문자90일_3월_동영상5,$68.60,926,738,646,$846.46
2025-04-15,전체400캠페인,전체400캠페인_웹사이트방문자60일,전체400캠페인_웹사이트방문자60일_3월_동영상5,$60.95,341,289,144,$559.95
2025-05-28,전체700캠페인,전체700캠페인_웹사이트방문자30일,전체700캠페인_웹사이트방문자30일_3월_동영상1,$11.82,563,511,478,$722.78
2025-05-17,전체1000캠페인,전체1000캠페인_웹사이트방문자30일,전체1000캠페인_웹사이트방문자30일_3월_동영상3,$44.31,226,178,121,$851.21
2025-05-10,전체1000캠페인,전체1000캠페인_웹사이트방문자90일,전체1000캠페인_웹사이트방문자90일_3월_동영상4,$21.83,385,309,73,$754.34
2025-04-04,전체400캠페인,전체400캠페인_웹사이트방문자30일,전체400캠페인_웹사이트방문자30일_3월_동영상2,$38.24,626,502,106,$725.42
2025-05-31,전체300캠페인,전체300캠페인_웹사이트방문자90일,전체300캠페인_웹사이트방문자90일_3월_동영상1,$40.69,901,643,559,$535.98
2025-05-14,전체1000캠페인,전체1000캠페인_웹사이트방문자60일,전체1000캠페인_웹사이트방문자60일_3월_동영상1,$92.79,238,210,49,$73.69
2025-05-17,전체300캠페인,전체300캠페인_웹사이트방문자90일,전체300캠페인_웹사이트방문자90일_3월_동영상5,$31.56,355,1,1,$9.81
2025-03-11,전체700캠페인,전체700캠페인_웹사이트방문자30일,전체700캠페인_웹사이트방문자30일_3월_동영상1,$9.92,150,87,6,$930.92
2025-03-12,전체700캠페인,전체700캠페인_웹사이트방문자90일,전체700캠페인_웹사이트방문자90일_3월_동영상5,$38.79,388,276,180,$193.65
2025-03-19,전체1000캠페인,전체1000캠페인_웹사이트방문자60일,전체1000캠페인_웹사이트방문자60일_3월_동영상3,$43.59,322,47,11,$669.82
2025-03-06,전체300캠페인,전체300캠페인_웹사이트방문자90일,전체300캠페인_웹사이트방문자90일_3월_동영상1,$42.52,750,124,58,$223.55
2025-04-26,전체700캠페인,전체700캠페인_웹사이트방문자30일,전체700캠페인_웹사이트방문자30일_3월_동영상4,$85.66,308,212,70,$775.92
2025-03-24,전체1000캠페인,전체1000캠페인_웹사이트방문자60일,전체1000캠페인_웹사이트방문자60일_3월_동영상4,$28.70,228,156,145,$439.64
2025-05-29,전체800캠페인,전체800캠페인_웹사이트방문자90일,전체800캠페인_웹사이트방문자90일_3월_동영상5,$49.20,752,299,280,$701.38
2025-03-31,전체1000캠페인,전체1000캠페인_웹사이트방문자60일,전체1000캠페인_웹사이트방문자60일_3월_동영상5,$89.81,284,66,37,$817.16
2025-04-20,전체700캠페인,전체700캠페인_웹사이트방문자90일,전체700캠페인_웹사이트방문자90일_3월_동영상3,$57.58,211,48,23,$325.80
2025-03-29,전체1000캠페인,전체1000캠페인_웹사이트방문자90일,전체1000캠페인_웹사이트방문자90일_3월_동영상2,$87.66,737,237,96,$121.63
2025-03-19,전체1000캠페인,전체1000캠페인_웹사이트방문자60일,전체1000캠페인_웹사이트방문자60일_3월_동영상5,$80.90,206,192,111,$591.06
2025-04-18,전체400캠페인,전체400캠페인_웹사이트방문자60일,전체400캠페인_웹사이트방문자60일_3월_동영상3,$50.06,945,932,928,$569.80
2025-03-16,전체400캠페인,전체400캠페인_웹사이트방문자60일,전체400캠페인_웹사이트방문자60일_3월_동영상1,$34.65,690,139,34,$314.30
2025-05-24,전체1000캠페인,전체1000캠페인_웹사이트방문자30일,전체1000캠페인_웹사이트방문자30일_3월_동영상1,$44.70,88,50,3,$560.95
2025-03-04,전체300캠페인,전체300캠페인_웹사이트방문자90일,전체300캠페인_웹사이트방문자90일_3월_동영상5,$72.18,515,269,100,$690.02
2025-03-04,전체400캠페인,전체400캠페인_웹사이트방문자60일,전체400캠페인_웹사이트방문자60일_3월_동영상5,$95.72,427,282,178,$695.61
2025-05-30,전체1000캠페인,전체1000캠페인_웹사이트방문자90일,전체1000캠페인_웹사이트방문자90일_3월_동영상5,$80.49,283,116,77,$451.01
2025-04-01,전체800캠페인,전체800캠페인_웹사이트방문자30일,전체800캠페인_웹사이트방문자30일_3월_동영상2,$91.89,453,333,107,$928.14
2025-03-23,전체800캠페인,전체800캠페인_웹사이트방문자30일,전체800캠페인_웹사이트방문자30일_3월_동영상2,$59.95,457,159,0,$657.11
2025-03-14,전체400캠페인,전체400캠페인_웹사이트방문자60일,전체400캠페인_웹사이트방문자60일_3월_동영상2,$50.00,788,206,24,$772.58
2025-04-10,전체400캠페인,전체400캠페인_웹사이트방문자60일,전체400캠페인_웹사이트방문자60일_3월_동영상1,$32.85,189,92,36,$660.18
2025-03-14,전체800캠페인,전체800캠페인_웹사이트방문자60일,전체800캠페인_웹사이트방문자60일_3월_동영상3,$63.33,133,60,35,$883.47
2025-05-25,전체700캠페인,전체700캠페인_웹사이트방문자90일,전체700캠페인_웹사이트방문자90일_3월_동영상3,$56.37,154,90,58,$260.93
2025-04-15,전체1000캠페인,전체1000캠페인_웹사이트방문자60일,전체1000캠페인_웹사이트방문자60일_3월_동영상5,$29.58,358,239,183,$518.22
2025-04-24,전체300캠페인,전체300캠페인_웹사이트방문자90일,전체300캠페인_웹사이트방문자90일_3월_동영상3,$5.03,437,139,18,$697.10
2025-05-23,전체300캠페인,전체300캠페인_웹사이트방문자90일,전체300캠페인_웹사이트방문자90일_3월_동영상5,$34.85,183,170,170,$690.35
2025-03-24,전체700캠페인,전체700캠페인_웹사이트방문자90일,전체700캠페인_웹사이트방문자90일_3월_동영상1,$72.23,922,776,6,$822.24
2025-04-06,전체300캠페인,전체300캠페인_웹사이트방문자90일,전체300캠페인_웹사이트방문자90일_3월_동영상4,$83.89,786,630,494,$363.91
2025-05-14,전체400캠페인,전체400캠페인_웹사이트방문자90일,전체400캠페인_웹사이트방문자90일_3월_동영상5,$80.55,695,204,174,$766.74
2025-04-09,전체1000캠페인,전체1000캠페인_웹사이트방문자60일,전체1000캠페인_웹사이트방문자60일_3월_동영상5,$23.08,380,232,202,$853.91
2025-03-09,전체1000캠페인,전체1000캠페인_웹사이트방문자30일,전체1000캠페인_웹사이트방문자30일_3월_동영상1,$72.66,343,125,100,$31.88
2025-03-31,전체700캠페인,전체700캠페인_웹사이트방문자30일,전체700캠페인_웹사이트방문자30일_3월_동영상2,$43.14,229,94,7,$184.54
2025-03-17,전체300캠페인,전체300캠페인_웹사이트방문자90일,전체300캠페인_웹사이트방문자90일_3월_동영상1,$47.10,752,233,72,$953.47
2025-05-25,전체300캠페인,전체300캠페인_웹사이트방문자90일,전체300캠페인_웹사이트방문자90일_3월_동영상2,$22.69,957,949,105,$794.08
2025-05-17,전체1000캠페인,전체1000캠페인_웹사이트방문자30일,전체1000캠페인_웹사이트방문자30일_3월_동영상3,$26.39,168,128,66,$632.64
2025-03-22,전체700캠페인,전체700캠페인_웹사이트방문자90일,전체700캠페인_웹사이트방문자90일_3월_동영상5,$30.16,603,146,60,$491.74
2025-03-19,전체300캠페인,전체300캠페인_웹사이트방문자90일,전체300캠페인_웹사이트방문자90일_3월_동영상5,$24.21,258,76,43,$167.72
2025-05-27,전체800캠페인,전체800캠페인_웹사이트방문자60일,전체800캠페인_웹사이트방문자60일_3월_동영상5,$50.64,61,16,0,$699.69
2025-05-07,전체1000캠페인,전체1000캠페인_웹사이트방문자60일,전체1000캠페인_웹사이트방문자60일_3월_동영상3,$87.42,986,608,148,$744.60
2025-04-15,전체400캠페인,전체400캠페인_웹사이트방문자60일,전체400캠페인_웹사이트방문자60일_3월_동영상3,$27.11,793,614,340,$746.37
2025-05-17,전체1000캠페인,전체1000캠페인_웹사이트방문자90일,전체1000캠페인_웹사이트방문자90일_3월_동영상2,$34.66,709,509,374,$778.33
2025-05-10,전체1000캠페인,전체1000캠페인_웹사이트방문자60일,전체1000캠페인_웹사이트방문자60일_3월_동영상1,$40.42,179,101,23,$358.34
2025-03-06,전체400캠페인,전체400캠페인_웹사이트방문자60일,전체400캠페인_웹사이트방문자60일_3월_동영상5,$47.96,114,71,48,$822.27
2025-03-06,전체300캠페인,전체300캠페인_웹사이트방문자90일,전체300캠페인_웹사이트방문자90일_3월_동영상2,$82.40,833,611,339,$702.05
2025-04-05,전체400캠페인,전체400캠페인_웹사이트방문자90일,전체400캠페인_웹사이트방문자90일_3월_동영상3,$98.49,107,70,60,$571.08
2025-03-08,전체800캠페인,전체800캠페인_웹사이트방문자90일,전체800캠페인_웹사이트방문자90일_3월_동영상5,$99.55,581,307,289,$16.53
2025-05-06,전체800캠페인,전체800캠페인_웹사이트방문자30일,전체800캠페인_웹사이트방문자30일_3월_동영상2,$61.40,618,37,14,$263.23
2025-03-30,전체1000캠페인,전체1000캠페인_웹사이트방문자60일,전체1000캠페인_웹사이트방문자60일_3월_동영상1,$36.76,412,349,200,$389.80
2025-03-01,전체400캠페인,전체400캠페인_웹사이트방문자30일,전체400캠페인_웹사이트방문자30일_3월_동영상2,$34.96,509,13,7,$616.04
2025-04-13,전체1000캠페인,전체1000캠페인_웹사이트방문자60일,전체1000캠페인_웹사이트방문자60일_3월_동영상1,$42.32,186,175,174,$269.04
2025-05-10,전체800캠페인,전체800캠페인_웹사이트방문자90일,전체800캠페인_웹사이트방문자90일_3월_동영상5,$13.87,680,1,1,$377.86
2025-04-19,전체300캠페인,전체300캠페인_웹사이트방문자90일,전체300캠페인_웹사이트방문자90일_3월_동영상2,$21.94,72,30,4,$982.92
2025-03-01,전체400캠페인,전체400캠페인_웹사이트방문자90일,전체400캠페인_웹사이트방문자90일_3월_동영상1,$82.87,331,134,97,$165.47
2025-03-20,전체1000캠페인,전체1000캠페인_웹사이트방문자60일,전체1000캠페인_웹사이트방문자60일_3월_동영상4,$18.04,948,374,350,$677.05
2025-03-14,전체800캠페인,전체800캠페인_웹사이트방문자60일,전체800캠페인_웹사이트방문자60일_3월_동영상3,$36.56,991,826,519,$430.89
2025-03-22,전체800캠페인,전체800캠페인_웹사이트방문자90일,전체800캠페인_웹사이트방문자90일_3월_동영상2,$44.07,897,759,295,$315.05
2025-04-06,전체700캠페인,전체700캠페인_웹사이트방문자90일,전체700캠페인_웹사이트방문자90일_3월_동영상1,$58.78,433,143,16,$375.34
2025-03-09,전체800캠페인,전체800캠페인_웹사이트방문자30일,전체800캠페인_웹사이트방문자30일_3월_동영상2,$54.17,649,128,97,$635.97
2025-04-23,전체700캠페인,전체700캠페인_웹사이트방문자90일,전체700캠페인_웹사이트방문자90일_3월_동영상3,$42.77,57,22,8,$367.84
2025-04-15,전체1000캠페인,전체1000캠페인_웹사이트방문자60일,전체1000캠페인_웹사이트방문자60일_3월_동영상3,$11.48,852,713,170,$472.43
2025-05-12,전체700캠페인,전체700캠페인_웹사이트방문자30일,전체700캠페인_웹사이트방문자30일_3월_동영상1,$53.88,785,63,40,$369.68
2025-04-28,전체400캠페인,전체400캠페인_웹사이트방문자30일,전체400캠페인_웹사이트방문자30일_3월_동영상2,$35.35,834,788,620,$788.23
2025-04-30,전체400캠페인,전체400캠페인_웹사이트방문자60일,전체400캠페인_웹사이트방문자60일_3월_동영상1,$24.35,351,48,27,$982.30
2025-05-27,전체1000캠페인,전체1000캠페인_웹사이트방문자60일,전체1000캠페인_웹사이트방문자60일_3월_동영상1,$8.67,157,52,10,$213.62
2025-04-07,전체800캠페인,전체800캠페인_웹사이트방문자90일,전체800캠페인_웹사이트방문자90일_3월_동영상5,$47.77,257,20,17,$312.80
2025-04-08,전체700캠페인,전체700캠페인_웹사이트방문자30일,전체700캠페인_웹사이트방문자30일_3월_동영상1,$53.06,395,370,20,$186.13
2025-05-19,전체1000캠페인,전체1000캠페인_웹사이트방문자60일,전체1000캠페인_웹사이트방문자60일_3월_동영상2,$67.90,882,131,16,$577.19
2025-05-04,전체800캠페인,전체800캠페인_웹사이트방문자90일,전체800캠페인_웹사이트방문자90일_3월_동영상4,$79.26,271,49,35,$398.45
2025-05-29,전체300캠페인,전체300캠페인_웹사이트방문자90일,전체300캠페인_웹사이트방문자90일_3월_동영상1,$6.07,641,466,179,$227.57
2025-03-15,전체400캠페인,전체400캠페인_웹사이트방문자60일,전체400캠페인_웹사이트방문자60일_3월_동영상3,$83.47,130,81,37,$779.00
2025-05-15,전체700캠페인,전체700캠페인_웹사이트방문자90일,전체700캠페인_웹사이트방문자90일_3월_동영상3,$33.52,963,788,785,$679.45
2025-04-18,전체700캠페인,전체700캠페인_웹사이트방문자30일,전체700캠페인_웹사이트방문자30일_3월_동영상1,$58.02,809,3,1,$392.13
2025-05-19,전체1000캠페인,전체1000캠페인_웹사이트방문자60일,전체1000캠페인_웹사이트방문자60일_3월_동영상2,$60.93,340,52,27,$237.24
2025-03-31,전체1000캠페인,전체1000캠페인_웹사이트방문자90일,전체1000캠페인_웹사이트방문자90일_3월_동영상3,$59.29,55,11,6,$443.08
2025-04-05,전체700캠페인,전체700캠페인_웹사이트방문자90일,전체700캠페인_웹사이트방문자90일_3월_동영상3,$31.19,678,272,261,$756.39
2025-05-30,전체300캠페인,전체300캠페인_웹사이트방문자90일,전체300캠페인_웹사이트방문자90일_3월_동영상5,$48.50,398,379,229,$203.72
2025-04-27,전체400캠페인,전체400캠페인_웹사이트방문자60일,전체400캠페인_웹사이트방문자60일_3월_동영상5,$33.42,307,74,8,$149.73
2025-05-25,전체1000캠페인,전체1000캠페인_웹사이트방문자60일,전체1000캠페인_웹사이트방문자60일_3월_동영상3,$87.29,861,735,686,$157.16
2025-05-10,전체800캠페인,전체800캠페인_웹사이트방문자60일,전체800캠페인_웹사이트방문자60일_3월_동영상5,$35.02,949,385,75,$254.75
2025-04-10,전체1000캠페인,전체1000캠페인_웹사이트방문자60일,전체1000캠페인_웹사이트방문자60일_3월_동영상3,$74.69,755,623,408,$777.23
2025-05-12,전체1000캠페인,전체1000캠페인_웹사이트방문자90일,전체1000캠페인_웹사이트방문자90일_3월_동영상3,$73.72,626,172,69,$255.18
2025-05-03,전체1000캠페인,전체1000캠페인_웹사이트방문자60일,전체1000캠페인_웹사이트방문자60일_3월_동영상1,$37.19,378,116,52,$933.90
2025-03-27,전체700캠페인,전체700캠페인_웹사이트방문자30일,전체700캠페인_웹사이트방문자30일_3월_동영상2,$17.11,470,339,66,$462.45
2025-04-18,전체300캠페인,전체300캠페인_웹사이트방문자90일,전체300캠페인_웹사이트방문자90일_3월_동영상4,$26.17,437,328,302,$324.09
2025-04-05,전체800캠페인,전체800캠페인_웹사이트방문자90일,전체800캠페인_웹사이트방문자90일_3월_동영상2,$64.91,845,298,240,$810.05
2025-04-01,전체1000캠페인,전체1000캠페인_웹사이트방문자60일,전체1000캠페인_웹사이트방문자60일_3월_동영상1,$16.75,715,542,323,$251.42
2025-05-05,전체700캠페인,전체700캠페인_웹사이트방문자30일,전체700캠페인_웹사이트방문자30일_3월_동영상2,$95.62,130,7,2,$528.00
2025-05-06,전체1000캠페인,전체1000캠페인_웹사이트방문자90일,전체1000캠페인_웹사이트방문자90일_3월_동영상5,$7.86,607,564,232,$232.32
2025-04-18,전체800캠페인,전체800캠페인_웹사이트방문자90일,전체800캠페인_웹사이트방문자90일_3월_동영상4,$49.01,295,289,5,$661.57
2025-04-14,전체400캠페인,전체400캠페인_웹사이트방문자60일,전체400캠페인_웹사이트방문자60일_3월_동영상2,$90.52,213,0,0,$613.26
2025-05-01,전체800캠페인,전체800캠페인_웹사이트방문자90일,전체800캠페인_웹사이트방문자90일_3월_동영상2,$70.47,284,95,85,$78.11
2025-04-27,전체300캠페인,전체300캠페인_웹사이트방문자90일,전체300캠페인_웹사이트방문자90일_3월_동영상1,$77.02,277,235,56,$885.64
2025-03-08,전체400캠페인,전체400캠페인_웹사이트방문자60일,전체400캠페인_웹사이트방문자60일_3월_동영상5,$40.11,258,251,86,$656.78
2025-03-23,전체700캠페인,전체700캠페인_웹사이트방문자90일,전체700캠페인_웹사이트방문자90일_3월_동영상3,$49.02,833,105,9,$28.06
2025-04-09,전체800캠페인,전체800캠페인_웹사이트방문자30일,전체800캠페인_웹사이트방문자30일_3월_동영상5,$26.33,94,8,7,$624.61
2025-03-04,전체700캠페인,전체700캠페인_웹사이트방문자90일,전체700캠페인_웹사이트방문자90일_3월_동영상5,$25.34,582,173,164,$242.12
2025-05-12,전체800캠페인,전체800캠페인_웹사이트방문자60일,전체800캠페인_웹사이트방문자60일_3월_동영상5,$44.48,703,669,322,$510.88
2025-03-20,전체700캠페인,전체700캠페인_웹사이트방문자90일,전체700캠페인_웹사이트방문자90일_3월_동영상5,$16.63,727,667,142,$323.53
2025-05-28,전체1000캠페인,전체1000캠페인_웹사이트방문자60일,전체1000캠페인_웹사이트방문자60일_3월_동영상5,$31.60,254,115,59,$852.67
2025-05-05,전체700캠페인,전체700캠페인_웹사이트방문자90일,전체700캠페인_웹사이트방문자90일_3월_동영상1,$6.03,720,427,287,$812.21
2025-04-01,전체800캠페인,전체800캠페인_웹사이트방문자60일,전체800캠페인_웹사이트방문자60일_3월_동영상3,$65.40,572,363,119,$302.79
2025-05-02,전체300캠페인,전체300캠페인_웹사이트방문자90일,전체300캠페인_웹사이트방문자90일_3월_동영상1,$90.50,367,73,28,$549.54
2025-03-22,전체400캠페인,전체400캠페인_웹사이트방문자60일,전체400캠페인_웹사이트방문자60일_3월_동영상2,$37.17,504,284,84,$671.41
2025-05-18,전체700캠페인,전체700캠페인_웹사이트방문자60일,전체700캠페인_웹사이트방문자60일_3월_동영상5,$11.62,118,72,14,$131.99
2025-05-05,전체1000캠페인,전체1000캠페인_웹사이트방문자90일,전체1000캠페인_웹사이트방문자90일_3월_동영상4,$26.18,829,272,60,$409.05
2025-03-02,전체300캠페인,전체300캠페인_웹사이트방문자90일,전체300캠페인_웹사이트방문자90일_3월_동영상5,$98.09,175,19,18,$330.57
2025-05-10,전체1000캠페인,전체1000캠페인_웹사이트방문자60일,전체1000캠페인_웹사이트방문자60일_3월_동영상3,$71.25,479,235,127,$634.92
2025-03-16,전체1000캠페인,전체1000캠페인_웹사이트방문자60일,전체1000캠페인_웹사이트방문자60일_3월_동영상1,$44.72,366,94,84,$63.69
2025-04-24,전체800캠페인,전체800캠페인_웹사이트방문자90일,전체800캠페인_웹사이트방문자90일_3월_동영상3,$43.59,306,256,251,$429.57
2025-04-03,전체400캠페인,전체400캠페인_웹사이트방문자60일,전체400캠페인_웹사이트방문자60일_3월_동영상3,$5.24,603,191,138,$633.44
2025-03-01,전체700캠페인,전체700캠페인_웹사이트방문자90일,전체700캠페인_웹사이트방문자90일_3월_동영상5,$53.23,58,27,11,$477.79
2025-04-04,전체1000캠페인,전체1000캠페인_웹사이트방문자30일,전체1000캠페인_웹사이트방문자30일_3월_동영상3,$79.55,312,234,198,$759.48
2025-04-14,전체800캠페인,전체800캠페인_웹사이트방문자60일,전체800캠페인_웹사이트방문자60일_3월_동영상3,$89.24,185,143,50,$699.29
2025-03-15,전체1000캠페인,전체1000캠페인_웹사이트방문자60일,전체1000캠페인_웹사이트방문자60일_3월_동영상3,$73.77,613,232,163,$787.94
2025-03-01,전체400캠페인,전체400캠페인_웹사이트방문자30일,전체400캠페인_웹사이트방문자30일_3월_동영상2,$35.21,674,357,232,$93.72
2025-04-15,전체700캠페인,전체700캠페인_웹사이트방문자60일,전체700캠페인_웹사이트방문자60일_3월_동영상5,$89.07,503,276,95,$669.90
2025-05-28,전체700캠페인,전체700캠페인_웹사이트방문자90일,전체700캠페인_웹사이트방문자90일_3월_동영상5,$10.67,278,112,0,$180.61
2025-04-24,전체400캠페인,전체400캠페인_웹사이트방문자90일,전체400캠페인_웹사이트방문자90일_3월_동영상1,$20.88,246,77,69,$869.80
2025-05-02,전체1000캠페인,전체1000캠페인_웹사이트방문자90일,전체1000캠페인_웹사이트방문자90일_3월_동영상3,$49.36,120,76,75,$250.27
2025-04-19,전체700캠페인,전체700캠페인_웹사이트방문자90일,전체700캠페인_웹사이트방문자90일_3월_동영상5,$78.39,668,6,0,$29.45
2025-04-16,전체400캠페인,전체400캠페인_웹사이트방문자60일,전체400캠페인_웹사이트방문자60일_3월_동영상2,$11.85,580,22,21,$388.75
2025-03-05,전체700캠페인,전체700캠페인_웹사이트방문자60일,전체700캠페인_웹사이트방문자60일_3월_동영상5,$41.67,136,66,20,$455.09
2025-04-14,전체700캠페인,전체700캠페인_웹사이트방문자30일,전체700캠페인_웹사이트방문자30일_3월_동영상2,$14.05,476,313,31,$761.26
2025-05-14,전체700캠페인,전체700캠페인_웹사이트방문자90일,전체700캠페인_웹사이트방문자90일_3월_동영상4,$93.48,948,926,572,$190.13
2025-05-11,전체1000캠페인,전체1000캠페인_웹사이트방문자90일,전체1000캠페인_웹사이트방문자90일_3월_동영상2,$28.34,768,579,453,$420.01
2025-04-23,전체400캠페인,전체400캠페인_웹사이트방문자30일,전체400캠페인_웹사이트방문자30일_3월_동영상1,$66.46,705,68,17,$746.21
2025-05-14,전체800캠페인,전체800캠페인_웹사이트방문자90일,전체800캠페인_웹사이트방문자90일_3월_동영상4,$74.22,439,414,152,$122.15
2025-03-25,전체800캠페인,전체800캠페인_웹사이트방문자90일,전체800캠페인_웹사이트방문자90일_3월_동영상2,$27.71,138,138,72,$988.71
2025-03-17,전체400캠페인,전체400캠페인_웹사이트방문자90일,전체400캠페인_웹사이트방문자90일_3월_동영상1,$37.61,648,361,325,$6.07
2025-03-24,전체1000캠페인,전체1000캠페인_웹사이트방문자60일,전체1000캠페인_웹사이트방문자60일_3월_동영상1,$53.47,620,459,352,$677.96
2025-04-26,전체700캠페인,전체700캠페인_웹사이트방문자90일,전체700캠페인_웹사이트방문자90일_3월_동영상1,$9.85,556,20,6,$844.01
2025-04-29,전체400캠페인,전체400캠페인_웹사이트방문자90일,전체400캠페인_웹사이트방문자90일_3월_동영상1,$23.31,244,116,26,$42.59
2025-04-01,전체700캠페인,전체700캠페인_웹사이트방문자90일,전체700캠페인_웹사이트방문자90일_3월_동영상2,$76.01,894,59,36,$747.54
2025-03-18,전체400캠페인,전체400캠페인_웹사이트방문자30일,전체400캠페인_웹사이트방문자30일_3월_동영상2,$85.29,288,5,0,$48.92
2025-04-08,전체700캠페인,전체700캠페인_웹사이트방문자30일,전체700캠페인_웹사이트방문자30일_3월_동영상4,$15.48,748,196,75,$325.71
2025-05-23,전체400캠페인,전체400캠페인_웹사이트방문자30일,전체400캠페인_웹사이트방문자30일_3월_동영상2,$10.05,649,498,328,$205.52
2025-03-31,전체400캠페인,전체400캠페인_웹사이트방문자60일,전체400캠페인_웹사이트방문자60일_3월_동영상2,$17.20,207,50,48,$916.74
2025-04-30,전체1000캠페인,전체1000캠페인_웹사이트방문자60일,전체1000캠페인_웹사이트방문자60일_3월_동영상5,$19.32,797,476,358,$216.45
2025-03-01,전체400캠페인,전체400캠페인_웹사이트방문자60일,전체400캠페인_웹사이트방문자60일_3월_동영상2,$65.93,986,423,53,$402.42
2025-03-25,전체400캠페인,전체400캠페인_웹사이트방문자60일,전체400캠페인_웹사이트방문자60일_3월_동영상5,$91.21,470,201,177,$26.45
2025-04-07,전체1000캠페인,전체1000캠페인_웹사이트방문자90일,전체1000캠페인_웹사이트방문자90일_3월_동영상1,$44.99,377,336,96,$750.42
2025-05-09,전체400캠페인,전체400캠페인_웹사이트방문자90일,전체400캠페인_웹사이트방문자90일_3월_동영상1,$49.63,518,38,22,$499.89
2025-03-08,전체400캠페인,전체400캠페인_웹사이트방문자30일,전체400캠페인_웹사이트방문자30일_3월_동영상1,$16.75,216,118,74,$720.89
2025-04-27,전체700캠페인,전체700캠페인_웹사이트방문자90일,전체700캠페인_웹사이트방문자90일_3월_동영상5,$28.09,692,459,80,$332.84
2025-04-08,전체800캠페인,전체800캠페인_웹사이트방문자60일,전체800캠페인_웹사이트방문자60일_3월_동영상3,$89.36,924,591,161,$824.21
2025-04-15,전체700캠페인,전체700캠페인_웹사이트방문자90일,전체700캠페인_웹사이트방문자90일_3월_동영상5,$95.33,256,147,13,$668.17
2025-04-21,전체700캠페인,전체700캠페인_웹사이트방문자90일,전체700캠페인_웹사이트방문자90일_3월_동영상1,$81.75,266,246,36,$426.33
2025-05-17,전체300캠페인,전체300캠페인_웹사이트방문자90일,전체300캠페인_웹사이트방문자90일_3월_동영상3,$52.69,921,312,125,$94.56
2025-04-19,전체400캠페인,전체400캠페인_웹사이트방문자90일,전체400캠페인_웹사이트방문자90일_3월_동영상3,$54.77,458,158,74,$221.57
2025-05-27,전체1000캠페인,전체1000캠페인_웹사이트방문자60일,전체1000캠페인_웹사이트방문자60일_3월_동영상5,$45.93,795,46,38,$565.80
2025-05-02,전체1000캠페인,전체1000캠페인_웹사이트방문자60일,전체1000캠페인_웹사이트방문자60일_3월_동영상3,$63.75,958,591,464,$853.96
2025-03-03,전체1000캠페인,전체1000캠페인_웹사이트방문자60일,전체1000캠페인_웹사이트방문자60일_3월_동영상5,$95.68,453,90,89,$479.84
2025-03-04,전체700캠페인,전체700캠페인_웹사이트방문자90일,전체700캠페인_웹사이트방문자90일_3월_동영상1,$66.11,548,515,417,$850.92
2025-05-14,전체1000캠페인,전체1000캠페인_웹사이트방문자60일,전체1000캠페인_웹사이트방문자60일_3월_동영상5,$49.61,431,413,140,$480.21
2025-03-29,전체1000캠페인,전체1000캠페인_웹사이트방문자90일,전체1000캠페인_웹사이트방문자90일_3월_동영상2,$6.83,60,5,2,$688.85
2025-05-15,전체800캠페인,전체800캠페인_웹사이트방문자30일,전체800캠페인_웹사이트방문자30일_3월_동영상1,$14.64,602,585,131,$907.77
2025-03-29,전체800캠페인,전체800캠페인_웹사이트방문자60일,전체800캠페인_웹사이트방문자60일_3월_동영상2,$50.95,728,163,48,$779.23
2025-04-14,전체1000캠페인,전체1000캠페인_웹사이트방문자60일,전체1000캠페인_웹사이트방문자60일_3월_동영상2,$47.92,327,9,2,$194.66
2025-03-19,전체800캠페인,전체800캠페인_웹사이트방문자30일,전체800캠페인_웹사이트방문자30일_3월_동영상1,$14.71,419,232,9,$569.96
2025-03-22,전체300캠페인,전체300캠페인_웹사이트방문자90일,전체300캠페인_웹사이트방문자90일_3월_동영상1,$51.59,807,439,31,$474.10
2025-03-18,전체700캠페인,전체700캠페인_웹사이트방문자90일,전체700캠페인_웹사이트방문자90일_3월_동영상1,$59.92,786,188,115,$607.36
2025-05-08,전체800캠페인,전체800캠페인_웹사이트방문자60일,전체800캠페인_웹사이트방문자60일_3월_동영상5,$78.95,294,142,47,$996.71
2025-04-18,전체300캠페인,전체300캠페인_웹사이트방문자90일,전체300캠페인_웹사이트방문자90일_3월_동영상1,$35.42,321,201,85,$733.99
2025-04-23,전체1000캠페인,전체1000캠페인_웹사이트방문자60일,전체1000캠페인_웹사이트방문자60일_3월_동영상2,$51.05,830,308,19,$448.94
2025-04-19,전체400캠페인,전체400캠페인_웹사이트방문자90일,전체400캠페인_웹사이트방문자90일_3월_동영상3,$16.66,366,180,161,$680.09
2025-03-29,전체400캠페인,전체400캠페인_웹사이트방문자90일,전체400캠페인_웹사이트방문자90일_3월_동영상3,$30.43,444,168,17,$436.41
2025-05-28,전체1000캠페인,전체1000캠페인_웹사이트방문자60일,전체1000캠페인_웹사이트방문자60일_3월_동영상5,$70.82,761,48,30,$812.40
2025-05-27,전체1000캠페인,전체1000캠페인_웹사이트방문자60일,전체1000캠페인_웹사이트방문자60일_3월_동영상3,$99.32,352,49,42,$204.82
2025-03-31,전체800캠페인,전체800캠페인_웹사이트방문자30일,전체800캠페인_웹사이트방문자30일_3월_동영상2,$78.46,438,425,98,$316.26
2025-05-07,전체800캠페인,전체800캠페인_웹사이트방문자90일,전체800캠페인_웹사이트방문자90일_3월_동영상2,$51.38,407,152,75,$699.30
2025-05-08,전체400캠페인,전체400캠페인_웹사이트방문자90일,전체400캠페인_웹사이트방문자90일_3월_동영상1,$41.82,892,210,197,$986.85
2025-03-25,전체400캠페인,전체400캠페인_웹사이트방문자90일,전체400캠페인_웹사이트방문자90일_3월_동영상1,$77.96,816,130,59,$684.19
2025-03-09,전체700캠페인,전체700캠페인_웹사이트방문자90일,전체700캠페인_웹사이트방문자90일_3월_동영상4,$40.11,891,356,268,$822.83
2025-04-19,전체300캠페인,전체300캠페인_웹사이트방문자90일,전체300캠페인_웹사이트방문자90일_3월_동영상4,$96.03,146,24,13,$735.75
2025-05-25,전체1000캠페인,전체1000캠페인_웹사이트방문자60일,전체1000캠페인_웹사이트방문자60일_3월_동영상2,$84.59,270,227,117,$210.59
2025-03-25,전체700캠페인,전체700캠페인_웹사이트방문자90일,전체700캠페인_웹사이트방문자90일_3월_동영상1,$99.09,400,166,152,$500.40
2025-05-29,전체400캠페인,전체400캠페인_웹사이트방문자60일,전체400캠페인_웹사이트방문자60일_3월_동영상2,$73.27,399,321,193,$127.81
2025-04-18,전체700캠페인,전체700캠페인_웹사이트방문자90일,전체700캠페인_웹사이트방문자90일_3월_동영상5,$22.35,411,97,33,$458.04
2025-04-09,전체1000캠페인,전체1000캠페인_웹사이트방문자60일,전체1000캠페인_웹사이트방문자60일_3월_동영상5,$53.26,692,466,155,$667.76
2025-04-22,전체1000캠페인,전체1000캠페인_웹사이트방문자60일,전체1000캠페인_웹사이트방문자60일_3월_동영상2,$21.98,393,133,8,$763.33
2025-03-04,전체800캠페인,전체800캠페인_웹사이트방문자60일,전체800캠페인_웹사이트방문자60일_3월_동영상3,$72.29,279,159,150,$46.22
2025-03-08,전체300캠페인,전체300캠페인_웹사이트방문자90일,전체300캠페인_웹사이트방문자90일_3월_동영상5,$63.90,139,91,11,$762.96
2025-03-07,전체1000캠페인,전체1000캠페인_웹사이트방문자60일,전체1000캠페인_웹사이트방문자60일_3월_동영상2,$17.23,117,90,6,$801.54
2025-04-15,전체800캠페인,전체800캠페인_웹사이트방문자30일,전체800캠페인_웹사이트방문자30일_3월_동영상1,$11.84,821,642,199,$896.62
2025-05-03,전체300캠페인,전체300캠페인_웹사이트방문자90일,전체300캠페인_웹사이트방문자90일_3월_동영상5,$16.24,360,344,305,$778.87
2025-04-24,전체700캠페인,전체700캠페인_웹사이트방문자30일,전체700캠페인_웹사이트방문자30일_3월_동영상2,$67.77,776,434,368,$688.09
2025-03-19,전체1000캠페인,전체1000캠페인_웹사이트방문자60일,전체1000캠페인_웹사이트방문자60일_3월_동영상1,$39.09,191,45,19,$209.71
2025-03-07,전체1000캠페인,전체1000캠페인_웹사이트방문자90일,전체1000캠페인_웹사이트방문자90일_3월_동영상1,$66.39,272,258,80,$254.06
2025-04-03,전체800캠페인,전체800캠페인_웹사이트방문자90일,전체800캠페인_웹사이트방문자90일_3월_동영상4,$12.06,506,115,55,$191.62
2025-03-07,전체400캠페인,전체400캠페인_웹사이트방문자60일,전체400캠페인_웹사이트방문자60일_3월_동영상3,$24.69,410,408,408,$189.53
2025-03-20,전체700캠페인,전체700캠페인_웹사이트방문자90일,전체700캠페인_웹사이트방문자90일_3월_동영상5,$91.43,207,103,8,$166.96
2025-05-17,전체300캠페인,전체300캠페인_웹사이트방문자90일,전체300캠페인_웹사이트방문자90일_3월_동영상1,$34.87,254,51,47,$489.06
2025-03-24,전체300캠페인,전체300캠페인_웹사이트방문자90일,전체300캠페인_웹사이트방문자90일_3월_동영상5,$89.90,93,22,14,$145.15
2025-04-21,전체700캠페인,전체700캠페인_웹사이트방문자90일,전체700캠페인_웹사이트방문자90일_3월_동영상5,$13.93,507,242,85,$481.39
2025-04-26,전체300캠페인,전체300캠페인_웹사이트방문자90일,전체300캠페인_웹사이트방문자90일_3월_동영상5,$97.00,419,296,4,$193.61
2025-04-21,전체400캠페인,전체400캠페인_웹사이트방문자30일,전체400캠페인_웹사이트방문자30일_3월_동영상2,$27.75,363,33,5,$79.44
2025-05-28,전체1000캠페인,전체1000캠페인_웹사이트방문자60일,전체1000캠페인_웹사이트방문자60일_3월_동영상5,$40.05,285,32,24,$476.16
2025-05-10,전체1000캠페인,전체1000캠페인_웹사이트방문자30일,전체1000캠페인_웹사이트방문자30일_3월_동영상3,$44.82,843,452,154,$439.38
2025-03-28,전체1000캠페인,전체1000캠페인_웹사이트방문자60일,전체1000캠페인_웹사이트방문자60일_3월_동영상3,$9.18,835,257,247,$872.19
2025-04-15,전체400캠페인,전체400캠페인_웹사이트방문자60일,전체400캠페인_웹사이트방문자60일_3월_동영상5,$58.07,335,328,110,$201.88
2025-04-29,전체1000캠페인,전체1000캠페인_웹사이트방문자30일,전체1000캠페인_웹사이트방문자30일_3월_동영상1,$18.07,357,3,1,$850.91
2025-04-28,전체400캠페인,전체400캠페인_웹사이트방문자90일,전체400캠페인_웹사이트방문자90일_3월_동영상4,$52.37,169,106,27,$586.64
2025-05-04,전체400캠페인,전체400캠페인_웹사이트방문자60일,전체400캠페인_웹사이트방문자60일_3월_동영상5,$24.23,254,77,74,$803.36
2025-03-20,전체800캠페인,전체800캠페인_웹사이트방문자90일,전체800캠페인_웹사이트방문자90일_3월_동영상3,$71.85,355,144,78,$812.43
2025-03-25,전체700캠페인,전체700캠페인_웹사이트방문자30일,전체700캠페인_웹사이트방문자30일_3월_동영상2,$25.96,580,286,86,$972.62
2025-05-10,전체1000캠페인,전체1000캠페인_웹사이트방문자60일,전체1000캠페인_웹사이트방문자60일_3월_동영상2,$58.79,698,405,338,$25.14
2025-05-16,전체1000캠페인,전체1000캠페인_웹사이트방문자60일,전체1000캠페인_웹사이트방문자60일_3월_동영상1,$76.19,267,35,7,$596.69
2025-03-23,전체1000캠페인,전체1000캠페인_웹사이트방문자60일,전체1000캠페인_웹사이트방문자60일_3월_동영상2,$26.54,110,64,13,$368.63
2025-04-23,전체300캠페인,전체300캠페인_웹사이트방문자90일,전체300캠페인_웹사이트방문자90일_3월_동영상3,$90.34,976,626,106,$963.78
2025-05-17,전체700캠페인,전체700캠페인_웹사이트방문자60일,전체700캠페인_웹사이트방문자60일_3월_동영상2,$17.34,515,336,99,$662.70
2025-05-17,전체400캠페인,전체400캠페인_웹사이트방문자60일,전체400캠페인_웹사이트방문자60일_3월_동영상3,$85.75,762,176,142,$765.74
2025-04-10,전체400캠페인,전체400캠페인_웹사이트방문자60일,전체400캠페인_웹사이트방문자60일_3월_동영상1,$78.28,129,93,67,$118.16
2025-04-30,전체800캠페인,전체800캠페인_웹사이트방문자60일,전체800캠페인_웹사이트방문자60일_3월_동영상3,$51.92,855,285,174,$486.89
2025-05-12,전체800캠페인,전체800캠페인_웹사이트방문자60일,전체800캠페인_웹사이트방문자60일_3월_동영상3,$29.05,249,150,142,$610.11
2025-05-17,전체400캠페인,전체400캠페인_웹사이트방문자60일,전체400캠페인_웹사이트방문자60일_3월_동영상5,$35.08,273,238,53,$394.22
2025-05-11,전체1000캠페인,전체1000캠페인_웹사이트방문자60일,전체1000캠페인_웹사이트방문자60일_3월_동영상1,$54.99,640,19,6,$230.17
2025-03-10,전체400캠페인,전체400캠페인_웹사이트방문자60일,전체400캠페인_웹사이트방문자60일_3월_동영상5,$35.61,251,41,30,$731.74
2025-04-29,전체400캠페인,전체400캠페인_웹사이트방문자60일,전체400캠페인_웹사이트방문자60일_3월_동영상1,$25.04,59,40,22,$850.96
2025-03-29,전체800캠페인,전체800캠페인_웹사이트방문자90일,전체800캠페인_웹사이트방문자90일_3월_동영상5,$79.83,737,627,573,$490.84
2025-04-03,전체800캠페인,전체800캠페인_웹사이트방문자30일,전체800캠페인_웹사이트방문자30일_3월_동영상3,$50.16,834,441,233,$17.40
2025-04-26,전체400캠페인,전체400캠페인_웹사이트방문자60일,전체400캠페인_웹사이트방문자60일_3월_동영상5,$68.16,797,369,135,$28.10
2025-05-28,전체1000캠페인,전체1000캠페인_웹사이트방문자60일,전체1000캠페인_웹사이트방문자60일_3월_동영상5,$96.56,676,273,169,$145.42
2025-03-14,전체300캠페인,전체300캠페인_웹사이트방문자90일,전체300캠페인_웹사이트방문자90일_3월_동영상3,$49.23,668,526,371,$329.59
2025-04-12,전체300캠페인,전체300캠페인_웹사이트방문자90일,전체300캠페인_웹사이트방문자90일_3월_동영상4,$57.24,931,563,529,$507.69
2025-04-16,전체700캠페인,전체700캠페인_웹사이트방문자90일,전체700캠페인_웹사이트방문자90일_3월_동영상3,$48.83,512,168,53,$853.23
2025-04-18,전체700캠페인,전체700캠페인_웹사이트방문자90일,전체700캠페인_웹사이트방문자90일_3월_동영상1,$9.78,115,99,23,$55.68
2025-04-07,전체800캠페인,전체800캠페인_웹사이트방문자90일,전체800캠페인_웹사이트방문자90일_3월_동영상2,$91.91,257,229,192,$313.38
2025-05-18,전체1000캠페인,전체1000캠페인_웹사이트방문자60일,전체1000캠페인_웹사이트방문자60일_3월_동영상2,$97.38,82,67,16,$663.92
2025-05-28,전체800캠페인,전체800캠페인_웹사이트방문자90일,전체800캠페인_웹사이트방문자90일_3월_동영상2,$7.87,802,400,6,$377.25
2025-03-23,전체800캠페인,전체800캠페인_웹사이트방문자90일,전체800캠페인_웹사이트방문자90일_3월_동영상2,$23.98,277,205,62,$671.99
2025-03-07,전체400캠페인,전체400캠페인_웹사이트방문자90일,전체400캠페인_웹사이트방문자90일_3월_동영상4,$26.88,601,19,18,$339.31
2025-05-16,전체400캠페인,전체400캠페인_웹사이트방문자60일,전체400캠페인_웹사이트방문자60일_3월_동영상2,$8.32,850,356,96,$310.05
2025-04-22,전체300캠페인,전체300캠페인_웹사이트방문자90일,전체300캠페인_웹사이트방문자90일_3월_동영상2,$72.07,307,189,107,$374.93
2025-05-03,전체700캠페인,전체700캠페인_웹사이트방문자30일,전체700캠페인_웹사이트방문자30일_3월_동영상2,$50.81,913,472,131,$560.52
2025-04-25,전체400캠페인,전체400캠페인_웹사이트방문자90일,전체400캠페인_웹사이트방문자90일_3월_동영상1,$94.97,77,30,13,$771.83
2025-04-04,전체400캠페인,전체400캠페인_웹사이트방문자30일,전체400캠페인_웹사이트방문자30일_3월_동영상1,$85.57,580,115,34,$979.43
2025-03-23,전체400캠페인,전체400캠페인_웹사이트방문자60일,전체400캠페인_웹사이트방문자60일_3월_동영상1,$55.11,137,54,8,$859.60
2025-04-17,전체800캠페인,전체800캠페인_웹사이트방문자90일,전체800캠페인_웹사이트방문자90일_3월_동영상4,$38.41,577,28,3,$238.72
2025-03-28,전체400캠페인,전체400캠페인_웹사이트방문자90일,전체400캠페인_웹사이트방문자90일_3월_동영상1,$89.29,364,349,298,$595.11
2025-05-19,전체1000캠페인,전체1000캠페인_웹사이트방문자60일,전체1000캠페인_웹사이트방문자60일_3월_동영상1,$12.91,427,272,168,$909.20
2025-05-31,전체1000캠페인,전체1000캠페인_웹사이트방문자60일,전체1000캠페인_웹사이트방문자60일_3월_동영상2,$91.03,567,52,6,$926.30
2025-03-31,전체1000캠페인,전체1000캠페인_웹사이트방문자30일,전체1000캠페인_웹사이트방문자30일_3월_동영상3,$72.74,459,76,18,$474.19
2025-04-12,전체1000캠페인,전체1000캠페인_웹사이트방문자60일,전체1000캠페인_웹사이트방문자60일_3월_동영상3,$75.33,791,22,16,$775.22
2025-04-26,전체1000캠페인,전체1000캠페인_웹사이트방문자60일,전체1000캠페인_웹사이트방문자60일_3월_동영상3,$90.21,749,618,559,$951.65
2025-03-14,전체800캠페인,전체800캠페인_웹사이트방문자30일,전체800캠페인_웹사이트방문자30일_3월_동영상2,$46.30,284,141,3,$174.53
2025-05-22,전체1000캠페인,전체1000캠페인_웹사이트방문자90일,전체1000캠페인_웹사이트방문자90일_3월_동영상3,$59.81,572,239,36,$710.55
2025-05-10,전체1000캠페인,전체1000캠페인_웹사이트방문자90일,전체1000캠페인_웹사이트방문자90일_3월_동영상3,$52.60,813,493,166,$210.28
2025-03-20,전체700캠페인,전체700캠페인_웹사이트방문자30일,전체700캠페인_웹사이트방문자30일_3월_동영상2,$14.04,826,287,278,$142.15
2025-03-22,전체1000캠페인,전체1000캠페인_웹사이트방문자30일,전체1000캠페인_웹사이트방문자30일_3월_동영상1,$72.83,893,591,160,$707.89
2025-04-09,전체1000캠페인,전체1000캠페인_웹사이트방문자60일,전체1000캠페인_웹사이트방문자60일_3월_동영상1,$6.43,310,115,37,$742.88
2025-05-03,전체800캠페인,전체800캠페인_웹사이트방문자90일,전체800캠페인_웹사이트방문자90일_3월_동영상2,$18.28,227,0,0,$71.55
2025-05-11,전체400캠페인,전체400캠페인_웹사이트방문자90일,전체400캠페인_웹사이트방문자90일_3월_동영상1,$26.44,806,776,662,$893.33
2025-05-20,전체1000캠페인,전체1000캠페인_웹사이트방문자90일,전체1000캠페인_웹사이트방문자90일_3월_동영상5,$19.09,239,162,136,$184.97
2025-04-12,전체800캠페인,전체800캠페인_웹사이트방문자90일,전체800캠페인_웹사이트방문자90일_3월_동영상3,$44.69,699,317,17,$915.11
2025-04-02,전체800캠페인,전체800캠페인_웹사이트방문자30일,전체800캠페인_웹사이트방문자30일_3월_동영상1,$65.64,929,842,228,$646.69
2025-03-18,전체400캠페인,전체400캠페인_웹사이트방문자60일,전체400캠페인_웹사이트방문자60일_3월_동영상3,$92.67,405,50,45,$597.54
2025-04-06,전체1000캠페인,전체1000캠페인_웹사이트방문자60일,전체1000캠페인_웹사이트방문자60일_3월_동영상2,$96.25,801,786,131,$609.63
2025-03-04,전체700캠페인,전체700캠페인_웹사이트방문자60일,전체700캠페인_웹사이트방문자60일_3월_동영상5,$62.84,84,41,41,$444.62
2025-03-20,전체400캠페인,전체400캠페인_웹사이트방문자60일,전체400캠페인_웹사이트방문자60일_3월_동영상5,$12.22,462,335,306,$497.83
2025-05-16,전체1000캠페인,전체1000캠페인_웹사이트방문자30일,전체1000캠페인_웹사이트방문자30일_3월_동영상3,$56.57,986,814,424,$419.87
2025-04-16,전체1000캠페인,전체1000캠페인_웹사이트방문자90일,전체1000캠페인_웹사이트방문자90일_3월_동영상4,$39.24,997,198,2,$479.61
2025-05-01,전체300캠페인,전체300캠페인_웹사이트방문자90일,전체300캠페인_웹사이트방문자90일_3월_동영상2,$35.68,790,702,366,$445.26
2025-03-14,전체400캠페인,전체400캠페인_웹사이트방문자60일,전체400캠페인_웹사이트방문자60일_3월_동영상5,$72.01,600,416,415,$330.85
2025-04-27,전체800캠페인,전체800캠페인_웹사이트방문자30일,전체800캠페인_웹사이트방문자30일_3월_동영상1,$57.45,913,588,565,$880.22
2025-03-10,전체300캠페인,전체300캠페인_웹사이트방문자90일,전체300캠페인_웹사이트방문자90일_3월_동영상3,$30.49,346,237,151,$564.34
2025-05-31,전체700캠페인,전체700캠페인_웹사이트방문자60일,전체700캠페인_웹사이트방문자60일_3월_동영상5,$7.07,630,160,31,$722.33
2025-05-13,전체800캠페인,전체800캠페인_웹사이트방문자60일,전체800캠페인_웹사이트방문자60일_3월_동영상3,$75.18,959,197,73,$170.53
2025-05-08,전체800캠페인,전체800캠페인_웹사이트방문자90일,전체800캠페인_웹사이트방문자90일_3월_동영상2,$68.03,106,104,18,$111.78
2025-05-18,전체800캠페인,전체800캠페인_웹사이트방문자30일,전체800캠페인_웹사이트방문자30일_3월_동영상1,$32.54,331,329,319,$894.17
2025-05-05,전체400캠페인,전체400캠페인_웹사이트방문자30일,전체400캠페인_웹사이트방문자30일_3월_동영상2,$52.76,347,299,21,$263.97
2025-05-22,전체1000캠페인,전체1000캠페인_웹사이트방문자60일,전체1000캠페인_웹사이트방문자60일_3월_동영상1,$43.71,521,83,53,$623.02
2025-03-21,전체800캠페인,전체800캠페인_웹사이트방문자90일,전체800캠페인_웹사이트방문자90일_3월_동영상5,$95.12,231,120,71,$358.05
2025-04-13,전체1000캠페인,전체1000캠페인_웹사이트방문자60일,전체1000캠페인_웹사이트방문자60일_3월_동영상5,$28.93,145,127,99,$164.59
2025-05-23,전체800캠페인,전체800캠페인_웹사이트방문자60일,전체800캠페인_웹사이트방문자60일_3월_동영상5,$69.01,889,192,140,$497.59
2025-03-10,전체400캠페인,전체400캠페인_웹사이트방문자90일,전체400캠페인_웹사이트방문자90일_3월_동영상3,$80.31,965,523,273,$46.33
2025-05-01,전체1000캠페인,전체1000캠페인_웹사이트방문자60일,전체1000캠페인_웹사이트방문자60일_3월_동영상1,$6.20,539,387,188,$927.59
2025-04-06,전체1000캠페인,전체1000캠페인_웹사이트방문자60일,전체1000캠페인_웹사이트방문자60일_3월_동영상1,$18.40,523,162,114,$248.48
2025-05-04,전체400캠페인,전체400캠페인_웹사이트방문자60일,전체400캠페인_웹사이트방문자60일_3월_동영상5,$21.26,350,12,7,$990.44
2025-04-22,전체800캠페인,전체800캠페인_웹사이트방문자90일,전체800캠페인_웹사이트방문자90일_3월_동영상4,$81.32,552,234,7,$461.90
2025-04-06,전체700캠페인,전체700캠페인_웹사이트방문자90일,전체700캠페인_웹사이트방문자90일_3월_동영상2,$23.72,147,110,107,$556.22
2025-04-26,전체400캠페인,전체400캠페인_웹사이트방문자60일,전체400캠페인_웹사이트방문자60일_3월_동영상2,$15.44,411,198,28,$229.09
2025-04-23,전체400캠페인,전체400캠페인_웹사이트방문자30일,전체400캠페인_웹사이트방문자30일_3월_동영상2,$91.44,232,99,82,$612.14
2025-04-09,전체800캠페인,전체800캠페인_웹사이트방문자60일,전체800캠페인_웹사이트방문자60일_3월_동영상3,$76.93,499,467,71,$649.52
2025-05-22,전체400캠페인,전체400캠페인_웹사이트방문자60일,전체400캠페인_웹사이트방문자60일_3월_동영상2,$15.92,60,22,10,$490.94
2025-05-07,전체800캠페인,전체800캠페인_웹사이트방문자30일,전체800캠페인_웹사이트방문자30일_3월_동영상1,$26.46,906,38,0,$921.06
2025-05-20,전체1000캠페인,전체1000캠페인_웹사이트방문자90일,전체1000캠페인_웹사이트방문자90일_3월_동영상4,$53.41,869,87,54,$871.64
2025-05-04,전체700캠페인,전체700캠페인_웹사이트방문자60일,전체700캠페인_웹사이트방문자60일_3월_동영상5,$11.27,586,289,278,$756.45
2025-03-29,전체300캠페인,전체300캠페인_웹사이트방문자90일,전체300캠페인_웹사이트방문자90일_3월_동영상3,$77.37,75,73,13,$290.81
2025-05-17,전체400캠페인,전체400캠페인_웹사이트방문자60일,전체400캠페인_웹사이트방문자60일_3월_동영상3,$39.60,344,195,66,$39.44
2025-05-05,전체300캠페인,전체300캠페인_웹사이트방문자90일,전체300캠페인_웹사이트방문자90일_3월_동영상5,$90.86,549,261,49,$35.91
2025-05-16,전체800캠페인,전체800캠페인_웹사이트방문자90일,전체800캠페인_웹사이트방문자90일_3월_동영상5,$35.23,547,184,91,$879.59
2025-03-18,전체300캠페인,전체300캠페인_웹사이트방문자90일,전체300캠페인_웹사이트방문자90일_3월_동영상2,$64.12,567,153,64,$287.69
2025-05-12,전체800캠페인,전체800캠페인_웹사이트방문자60일,전체800캠페인_웹사이트방문자60일_3월_동영상5,$44.19,750,177,5,$87.20
2025-03-18,전체700캠페인,전체700캠페인_웹사이트방문자90일,전체700캠페인_웹사이트방문자90일_3월_동영상1,$63.83,860,55,10,$300.16
2025-05-22,전체1000캠페인,전체1000캠페인_웹사이트방문자60일,전체1000캠페인_웹사이트방문자60일_3월_동영상3,$45.87,152,95,52,$566.37
2025-05-16,전체400캠페인,전체400캠페인_웹사이트방문자90일,전체400캠페인_웹사이트방문자90일_3월_동영상3,$53.14,920,868,644,$975.45
2025-04-17,전체800캠페인,전체800캠페인_웹사이트방문자90일,전체800캠페인_웹사이트방문자90일_3월_동영상4,$94.24,674,46,40,$157.05
2025-05-11,전체300캠페인,전체300캠페인_웹사이트방문자90일,전체300캠페인_웹사이트방문자90일_3월_동영상3,$97.94,989,745,174,$705.77
2025-04-06,전체1000캠페인,전체1000캠페인_웹사이트방문자60일,전체1000캠페인_웹사이트방문자60일_3월_동영상2,$95.92,566,261,113,$324.40
2025-05-18,전체800캠페인,전체800캠페인_웹사이트방문자60일,전체800캠페인_웹사이트방문자60일_3월_동영상2,$13.97,258,135,88,$772.26
2025-05-15,전체300캠페인,전체300캠페인_웹사이트방문자90일,전체300캠페인_웹사이트방문자90일_3월_동영상5,$68.60,280,140,104,$2.64
2025-03-10,전체800캠페인,전체800캠페인_웹사이트방문자60일,전체800캠페인_웹사이트방문자60일_3월_동영상5,$49.58,414,5,1,$973.45
2025-05-14,전체700캠페인,전체700캠페인_웹사이트방문자90일,전체700캠페인_웹사이트방문자90일_3월_동영상1,$40.80,464,379,365,$898.69
2025-04-10,전체300캠페인,전체300캠페인_웹사이트방문자90일,전체300캠페인_웹사이트방문자90일_3월_동영상2,$20.81,274,9,5,$8.16
2025-05-21,전체700캠페인,전체700캠페인_웹사이트방문자30일,전체700캠페인_웹사이트방문자30일_3월_동영상4,$12.94,239,172,61,$498.59
2025-04-07,전체700캠페인,전체700캠페인_웹사이트방문자30일,전체700캠페인_웹사이트방문자30일_3월_동영상2,$80.52,920,195,9,$589.02
2025-03-14,전체800캠페인,전체800캠페인_웹사이트방문자30일,전체800캠페인_웹사이트방문자30일_3월_동영상5,$25.87,377,273,264,$76.95
2025-04-28,전체800캠페인,전체800캠페인_웹사이트방문자60일,전체800캠페인_웹사이트방문자60일_3월_동영상5,$71.56,635,53,42,$276.34
2025-03-29,전체300캠페인,전체300캠페인_웹사이트방문자90일,전체300캠페인_웹사이트방문자90일_3월_동영상3,$59.57,352,109,64,$519.58
2025-04-10,전체700캠페인,전체700캠페인_웹사이트방문자90일,전체700캠페인_웹사이트방문자90일_3월_동영상3,$88.31,730,591,541,$683.90
2025-05-22,전체400캠페인,전체400캠페인_웹사이트방문자60일,전체400캠페인_웹사이트방문자60일_3월_동영상1,$21.73,711,615,457,$891.27
2025-04-20,전체800캠페인,전체800캠페인_웹사이트방문자60일,전체800캠페인_웹사이트방문자60일_3월_동영상3,$99.92,868,23,13,$535.75
2025-04-25,전체700캠페인,전체700캠페인_웹사이트방문자60일,전체700캠페인_웹사이트방문자60일_3월_동영상5,$28.75,902,285,57,$639.42
2025-05-18,전체400캠페인,전체400캠페인_웹사이트방문자60일,전체400캠페인_웹사이트방문자60일_3월_동영상5,$46.87,165,144,61,$103.50
2025-04-27,전체400캠페인,전체400캠페인_웹사이트방문자60일,전체400캠페인_웹사이트방문자60일_3월_동영상2,$45.99,263,27,11,$356.77
2025-03-21,전체1000캠페인,전체1000캠페인_웹사이트방문자60일,전체1000캠페인_웹사이트방문자60일_3월_동영상5,$76.96,266,38,29,$342.87
2025-03-12,전체1000캠페인,전체1000캠페인_웹사이트방문자60일,전체1000캠페인_웹사이트방문자60일_3월_동영상2,$51.96,109,39,22,$570.38
2025-04-07,전체700캠페인,전체700캠페인_웹사이트방문자90일,전체700캠페인_웹사이트방문자90일_3월_동영상3,$52.54,141,96,77,$340.52
2025-05-14,전체400캠페인,전체400캠페인_웹사이트방문자60일,전체400캠페인_웹사이트방문자60일_3월_동영상3,$58.00,78,56,39,$362.33
2025-04-01,전체400캠페인,전체400캠페인_웹사이트방문자90일,전체400캠페인_웹사이트방문자90일_3월_동영상1,$28.40,503,29,11,$332.78
2025-03-11,전체700캠페인,전체700캠페인_웹사이트방문자90일,전체700캠페인_웹사이트방문자90일_3월_동영상1,$86.94,951,60,25,$587.50
2025-03-18,전체800캠페인,전체800캠페인_웹사이트방문자60일,전체800캠페인_웹사이트방문자60일_3월_동영상5,$39.65,289,253,108,$549.99
2025-05-16,전체700캠페인,전체700캠페인_웹사이트방문자90일,전체700캠페인_웹사이트방문자90일_3월_동영상4,$17.92,65,4,1,$12.65
2025-05-08,전체300캠페인,전체300캠페인_웹사이트방문자90일,전체300캠페인_웹사이트방문자90일_3월_동영상3,$48.62,593,300,107,$101.44
2025-05-03,전체400캠페인,전체400캠페인_웹사이트방문자60일,전체400캠페인_웹사이트방문자60일_3월_동영상5,$85.65,644,252,56,$142.08
2025-03-25,전체800캠페인,전체800캠페인_웹사이트방문자30일,전체800캠페인_웹사이트방문자30일_3월_동영상5,$76.74,135,84,20,$479.99
2025-04-21,전체800캠페인,전체800캠페인_웹사이트방문자90일,전체800캠페인_웹사이트방문자90일_3월_동영상2,$93.02,144,126,52,$425.30
2025-03-28,전체400캠페인,전체400캠페인_웹사이트방문자90일,전체400캠페인_웹사이트방문자90일_3월_동영상1,$64.61,857,48,19,$145.48
2025-05-11,전체400캠페인,전체400캠페인_웹사이트방문자90일,전체400캠페인_웹사이트방문자90일_3월_동영상4,$86.75,614,56,44,$338.56
2025-04-02,전체400캠페인,전체400캠페인_웹사이트방문자90일,전체400캠페인_웹사이트방문자90일_3월_동영상1,$16.59,527,379,121,$786.91
2025-04-01,전체700캠페인,전체700캠페인_웹사이트방문자90일,전체700캠페인_웹사이트방문자90일_3월_동영상3,$28.06,886,165,44,$780.81
2025-04-30,전체1000캠페인,전체1000캠페인_웹사이트방문자60일,전체1000캠페인_웹사이트방문자60일_3월_동영상3,$21.23,108,100,44,$283.75
2025-05-28,전체300캠페인,전체300캠페인_웹사이트방문자90일,전체300캠페인_웹사이트방문자90일_3월_동영상5,$67.70,98,68,40,$841.73
2025-03-19,전체700캠페인,전체700캠페인_웹사이트방문자90일,전체700캠페인_웹사이트방문자90일_3월_동영상3,$63.00,795,714,492,$887.59
2025-05-18,전체1000캠페인,전체1000캠페인_웹사이트방문자30일,전체1000캠페인_웹사이트방문자30일_3월_동영상3,$16.85,309,107,76,$378.82
2025-04-22,전체1000캠페인,전체1000캠페인_웹사이트방문자60일,전체1000캠페인_웹사이트방문자60일_3월_동영상3,$16.40,372,300,50,$368.38
2025-05-12,전체1000캠페인,전체1000캠페인_웹사이트방문자90일,전체1000캠페인_웹사이트방문자90일_3월_동영상4,$5.10,425,180,121,$760.45
2025-05-03,전체1000캠페인,전체1000캠페인_웹사이트방문자30일,전체1000캠페인_웹사이트방문자30일_3월_동영상3,$63.87,887,473,452,$908.83
2025-04-27,전체700캠페인,전체700캠페인_웹사이트방문자30일,전체700캠페인_웹사이트방문자30일_3월_동영상2,$36.37,200,140,90,$341.49
2025-04-19,전체1000캠페인,전체1000캠페인_웹사이트방문자30일,전체1000캠페인_웹사이트방문자30일_3월_동영상3,$45.96,721,529,139,$252.67
2025-05-26,전체700캠페인,전체700캠페인_웹사이트방문자90일,전체700캠페인_웹사이트방문자90일_3월_동영상1,$45.10,969,902,579,$987.81
2025-03-02,전체700캠페인,전체700캠페인_웹사이트방문자30일,전체700캠페인_웹사이트방문자30일_3월_동영상2,$7.32,986,229,149,$440.41
2025-03-17,전체700캠페인,전체700캠페인_웹사이트방문자90일,전체700캠페인_웹사이트방문자90일_3월_동영상1,$84.43,588,543,188,$593.32
2025-05-02,전체400캠페인,전체400캠페인_웹사이트방문자60일,전체400캠페인_웹사이트방문자60일_3월_동영상3,$85.71,449,89,5,$95.55
2025-05-16,전체1000캠페인,전체1000캠페인_웹사이트방문자60일,전체1000캠페인_웹사이트방문자60일_3월_동영상2,$93.42,419,112,67,$515.92
2025-05-18,전체400캠페인,전체400캠페인_웹사이트방문자60일,전체400캠페인_웹사이트방문자60일_3월_동영상3,$34.33,420,145,142,$776.94
2025-03-12,전체300캠페인,전체300캠페인_웹사이트방문자90일,전체300캠페인_웹사이트방문자90일_3월_동영상1,$99.91,113,110,29,$380.64
2025-04-30,전체800캠페인,전체800캠페인_웹사이트방문자60일,전체800캠페인_웹사이트방문자60일_3월_동영상3,$68.06,570,242,53,$140.19
2025-03-11,전체700캠페인,전체700캠페인_웹사이트방문자60일,전체700캠페인_웹사이트방문자60일_3월_동영상2,$18.29,293,237,148,$442.55
2025-04-03,전체300캠페인,전체300캠페인_웹사이트방문자90일,전체300캠페인_웹사이트방문자90일_3월_동영상4,$77.00,370,137,78,$484.90
2025-04-28,전체800캠페인,전체800캠페인_웹사이트방문자30일,전체800캠페인_웹사이트방문자30일_3월_동영상1,$35.35,628,59,32,$709.55
2025-04-08,전체1000캠페인,전체1000캠페인_웹사이트방문자60일,전체1000캠페인_웹사이트방문자60일_3월_동영상3,$12.57,897,648,485,$936.74
2025-05-10,전체800캠페인,전체800캠페인_웹사이트방문자60일,전체800캠페인_웹사이트방문자60일_3월_동영상3,$48.41,520,324,180,$947.23
2025-05-01,전체400캠페인,전체400캠페인_웹사이트방문자60일,전체400캠페인_웹사이트방문자60일_3월_동영상2,$94.98,64,4,1,$640.24
2025-03-01,전체1000캠페인,전체1000캠페인_웹사이트방문자60일,전체1000캠페인_웹사이트방문자60일_3월_동영상2,$74.33,628,492,9,$33.48
2025-04-14,전체800캠페인,전체800캠페인_웹사이트방문자30일,전체800캠페인_웹사이트방문자30일_3월_동영상5,$93.41,993,605,130,$504.10
2025-03-21,전체1000캠페인,전체1000캠페인_웹사이트방문자60일,전체1000캠페인_웹사이트방문자60일_3월_동영상5,$15.55,941,721,691,$27.96
2025-03-30,전체300캠페인,전체300캠페인_웹사이트방문자90일,전체300캠페인_웹사이트방문자90일_3월_동영상3,$41.97,851,407,103,$922.59
2025-04-11,전체800캠페인,전체800캠페인_웹사이트방문자30일,전체800캠페인_웹사이트방문자30일_3월_동영상5,$24.77,732,159,135,$445.53
2025-03-04,전체800캠페인,전체800캠페인_웹사이트방문자30일,전체800캠페인_웹사이트방문자30일_3월_동영상2,$73.24,991,941,181,$797.92
2025-03-31,전체1000캠페인,전체1000캠페인_웹사이트방문자60일,전체1000캠페인_웹사이트방문자60일_3월_동영상1,$96.06,85,5,0,$639.08
2025-03-16,전체700캠페인,전체700캠페인_웹사이트방문자90일,전체700캠페인_웹사이트방문자90일_3월_동영상4,$81.71,734,627,213,$36.23
2025-05-14,전체1000캠페인,전체1000캠페인_웹사이트방문자60일,전체1000캠페인_웹사이트방문자60일_3월_동영상1,$46.95,81,51,5,$787.47
2025-05-28,전체1000캠페인,전체1000캠페인_웹사이트방문자90일,전체1000캠페인_웹사이트방문자90일_3월_동영상4,$65.79,321,214,47,$739.56
2025-05-07,전체1000캠페인,전체1000캠페인_웹사이트방문자60일,전체1000캠페인_웹사이트방문자60일_3월_동영상5,$64.57,594,54,8,$76.12
2025-03-29,전체400캠페인,전체400캠페인_웹사이트방문자60일,전체400캠페인_웹사이트방문자60일_3월_동영상5,$33.22,162,79,37,$552.47
2025-03-26,전체1000캠페인,전체1000캠페인_웹사이트방문자60일,전체1000캠페인_웹사이트방문자60일_3월_동영상4,$96.29,680,187,32,$510.47
2025-03-30,전체1000캠페인,전체1000캠페인_웹사이트방문자30일,전체1000캠페인_웹사이트방문자30일_3월_동영상3,$27.70,976,188,181,$179.50
2025-04-18,전체1000캠페인,전체1000캠페인_웹사이트방문자60일,전체1000캠페인_웹사이트방문자60일_3월_동영상1,$81.77,571,349,224,$354.83
2025-05-17,전체1000캠페인,전체1000캠페인_웹사이트방문자60일,전체1000캠페인_웹사이트방문자60일_3월_동영상4,$57.98,120,11,4,$407.97
2025-03-02,전체700캠페인,전체700캠페인_웹사이트방문자90일,전체700캠페인_웹사이트방문자90일_3월_동영상1,$84.82,723,625,357,$993.52
2025-04-26,전체800캠페인,전체800캠페인_웹사이트방문자90일,전체800캠페인_웹사이트방문자90일_3월_동영상2,$65.72,83,19,19,$314.92
2025-04-10,전체700캠페인,전체700캠페인_웹사이트방문자90일,전체700캠페인_웹사이트방문자90일_3월_동영상1,$72.14,884,701,406,$689.08
2025-05-13,전체1000캠페인,전체1000캠페인_웹사이트방문자90일,전체1000캠페인_웹사이트방문자90일_3월_동영상5,$35.64,992,979,364,$273.40
2025-05-21,전체1000캠페인,전체1000캠페인_웹사이트방문자30일,전체1000캠페인_웹사이트방문자30일_3월_동영상3,$79.78,699,663,624,$56.43
2025-04-20,전체1000캠페인,전체1000캠페인_웹사이트방문자60일,전체1000캠페인_웹사이트방문자60일_3월_동영상3,$86.41,426,196,180,$767.19
2025-05-28,전체800캠페인,전체800캠페인_웹사이트방문자30일,전체800캠페인_웹사이트방문자30일_3월_동영상1,$16.75,52,1,1,$479.91
2025-05-25,전체700캠페인,전체700캠페인_웹사이트방문자90일,전체700캠페인_웹사이트방문자90일_3월_동영상3,$93.36,193,134,109,$342.75
2025-04-23,전체400캠페인,전체400캠페인_웹사이트방문자90일,전체400캠페인_웹사이트방문자90일_3월_동영상4,$62.77,727,713,575,$886.15
2025-04-06,전체800캠페인,전체800캠페인_웹사이트방문자30일,전체800캠페인_웹사이트방문자30일_3월_동영상1,$56.61,878,87,55,$156.11
2025-05-07,전체300캠페인,전체300캠페인_웹사이트방문자90일,전체300캠페인_웹사이트방문자90일_3월_동영상1,$8.10,184,98,19,$389.23
2025-03-26,전체300캠페인,전체300캠페인_웹사이트방문자90일,전체300캠페인_웹사이트방문자90일_3월_동영상2,$67.73,185,100,32,$699.12
2025-03-30,전체400캠페인,전체400캠페인_웹사이트방문자60일,전체400캠페인_웹사이트방문자60일_3월_동영상5,$33.49,754,387,28,$137.55
2025-04-21,전체1000캠페인,전체1000캠페인_웹사이트방문자60일,전체1000캠페인_웹사이트방문자60일_3월_동영상1,$72.78,358,201,192,$726.54
2025-05-24,전체1000캠페인,전체1000캠페인_웹사이트방문자90일,전체1000캠페인_웹사이트방문자90일_3월_동영상2,$89.78,912,627,627,$749.52
2025-04-15,전체800캠페인,전체800캠페인_웹사이트방문자30일,전체800캠페인_웹사이트방문자30일_3월_동영상2,$25.72,849,387,185,$358.06
2025-04-03,전체700캠페인,전체700캠페인_웹사이트방문자90일,전체700캠페인_웹사이트방문자90일_3월_동영상1,$85.69,665,310,283,$386.19
2025-04-02,전체800캠페인,전체800캠페인_웹사이트방문자30일,전체800캠페인_웹사이트방문자30일_3월_동영상2,$67.06,332,53,8,$242.60
2025-03-19,전체1000캠페인,전체1000캠페인_웹사이트방문자60일,전체1000캠페인_웹사이트방문자60일_3월_동영상2,$19.65,582,334,144,$142.86
2025-04-09,전체400캠페인,전체400캠페인_웹사이트방문자60일,전체400캠페인_웹사이트방문자60일_3월_동영상2,$94.50,160,80,56,$540.63
2025-03-31,전체800캠페인,전체800캠페인_웹사이트방문자30일,전체800캠페인_웹사이트방문자30일_3월_동영상1,$85.79,539,257,58,$25.02
2025-05-02,전체400캠페인,전체400캠페인_웹사이트방문자90일,전체400캠페인_웹사이트방문자90일_3월_동영상3,$62.93,882,3,0,$768.18
2025-03-07,전체700캠페인,전체700캠페인_웹사이트방문자30일,전체700캠페인_웹사이트방문자30일_3월_동영상4,$50.97,801,734,512,$525.23
2025-03-03,전체800캠페인,전체800캠페인_웹사이트방문자90일,전체800캠페인_웹사이트방문자90일_3월_동영상5,$85.90,365,109,99,$904.60
2025-04-11,전체700캠페인,전체700캠페인_웹사이트방문자60일,전체700캠페인_웹사이트방문자60일_3월_동영상5,$70.49,855,275,125,$49.65
2025-03-21,전체1000캠페인,전체1000캠페인_웹사이트방문자60일,전체1000캠페인_웹사이트방문자60일_3월_동영상2,$42.62,176,153,135,$337.63
2025-05-09,전체800캠페인,전체800캠페인_웹사이트방문자60일,전체800캠페인_웹사이트방문자60일_3월_동영상3,$45.33,899,548,29,$996.55
2025-05-24,전체1000캠페인,전체1000캠페인_웹사이트방문자60일,전체1000캠페인_웹사이트방문자60일_3월_동영상4,$48.11,285,281,24,$276.07
2025-04-12,전체800캠페인,전체800캠페인_웹사이트방문자30일,전체800캠페인_웹사이트방문자30일_3월_동영상2,$11.39,543,490,114,$899.42
2025-03-20,전체400캠페인,전체400캠페인_웹사이트방문자90일,전체400캠페인_웹사이트방문자90일_3월_동영상1,$41.80,598,429,154,$383.46
2025-04-06,전체1000캠페인,전체1000캠페인_웹사이트방문자90일,전체1000캠페인_웹사이트방문자90일_3월_동영상3,$10.46,616,68,45,$230.99
2025-04-16,전체1000캠페인,전체1000캠페인_웹사이트방문자90일,전체1000캠페인_웹사이트방문자90일_3월_동영상2,$22.42,320,207,176,$301.37
2025-04-10,전체400캠페인,전체400캠페인_웹사이트방문자30일,전체400캠페인_웹사이트방문자30일_3월_동영상2,$75.12,504,323,149,$44.73
2025-03-01,전체1000캠페인,전체1000캠페인_웹사이트방문자60일,전체1000캠페인_웹사이트방문자60일_3월_동영상1,$42.35,953,51,17,$428.52
2025-05-04,전체1000캠페인,전체1000캠페인_웹사이트방문자90일,전체1000캠페인_웹사이트방문자90일_3월_동영상1,$27.79,839,570,147,$512.48
2025-05-08,전체700캠페인,전체700캠페인_웹사이트방문자90일,전체700캠페인_웹사이트방문자90일_3월_동영상3,$82.13,743,406,192,$358.28
2025-05-09,전체700캠페인,전체700캠페인_웹사이트방문자30일,전체700캠페인_웹사이트방문자30일_3월_동영상2,$75.25,724,416,126,$413.76
2025-05-06,전체400캠페인,전체400캠페인_웹사이트방문자30일,전체400캠페인_웹사이트방문자30일_3월_동영상1,$67.84,154,1,1,$850.18
2025-05-03,전체1000캠페인,전체1000캠페인_웹사이트방문자90일,전체1000캠페인_웹사이트방문자90일_3월_동영상3,$64.45,964,141,115,$243.84
2025-05-13,전체300캠페인,전체300캠페인_웹사이트방문자90일,전체300캠페인_웹사이트방문자90일_3월_동영상2,$45.46,714,511,360,$92.72
2025-04-13,전체1000캠페인,전체1000캠페인_웹사이트방문자30일,전체1000캠페인_웹사이트방문자30일_3월_동영상1,$39.05,323,21,0,$387.47
2025-05-31,전체1000캠페인,전체1000캠페인_웹사이트방문자60일,전체1000캠페인_웹사이트방문자60일_3월_동영상1,$7.58,155,84,46,$309.74
2025-05-03,전체400캠페인,전체400캠페인_웹사이트방문자90일,전체400캠페인_웹사이트방문자90일_3월_동영상1,$49.85,493,262,147,$777.02
2025-05-01,전체1000캠페인,전체1000캠페인_웹사이트방문자60일,전체1000캠페인_웹사이트방문자60일_3월_동영상2,$90.35,230,92,51,$349.53
2025-03-29,전체700캠페인,전체700캠페인_웹사이트방문자90일,전체700캠페인_웹사이트방문자90일_3월_동영상3,$17.87,907,260,214,$791.16
2025-03-31,전체300캠페인,전체300캠페인_웹사이트방문자90일,전체300캠페인_웹사이트방문자90일_3월_동영상3,$48.71,58,15,1,$172.43
2025-03-29,전체1000캠페인,전체1000캠페인_웹사이트방문자30일,전체1000캠페인_웹사이트방문자30일_3월_동영상3,$53.07,96,40,8,$276.44
2025-04-30,전체800캠페인,전체800캠페인_웹사이트방문자30일,전체800캠페인_웹사이트방문자30일_3월_동영상2,$18.57,228,119,13,$310.76
2025-04-09,전체1000캠페인,전체1000캠페인_웹사이트방문자90일,전체1000캠페인_웹사이트방문자90일_3월_동영상1,$19.61,405,179,158,$831.56
2025-04-19,전체400캠페인,전체400캠페인_웹사이트방문자30일,전체400캠페인_웹사이트방문자30일_3월_동영상2,$50.67,118,43,18,$273.85
2025-05-09,전체1000캠페인,전체1000캠페인_웹사이트방문자60일,전체1000캠페인_웹사이트방문자60일_3월_동영상3,$51.78,86,76,8,$201.08
2025-03-31,전체1000캠페인,전체1000캠페인_웹사이트방문자60일,전체1000캠페인_웹사이트방문자60일_3월_동영상1,$85.01,248,127,63,$103.56
2025-04-05,전체1000캠페인,전체1000캠페인_웹사이트방문자60일,전체1000캠페인_웹사이트방문자60일_3월_동영상3,$64.48,865,234,137,$997.55
2025-05-12,전체700캠페인,전체700캠페인_웹사이트방문자90일,전체700캠페인_웹사이트방문자90일_3월_동영상5,$23.06,744,42,22,$793.81
2025-04-21,전체700캠페인,전체700캠페인_웹사이트방문자90일,전체700캠페인_웹사이트방문자90일_3월_동영상5,$40.91,190,63,2,$266.31
2025-05-30,전체1000캠페인,전체1000캠페인_웹사이트방문자90일,전체1000캠페인_웹사이트방문자90일_3월_동영상1,$75.97,837,714,179,$701.90
2025-05-16,전체700캠페인,전체700캠페인_웹사이트방문자60일,전체700캠페인_웹사이트방문자60일_3월_동영상2,$80.96,965,774,687,$628.31
2025-04-10,전체1000캠페인,전체1000캠페인_웹사이트방문자30일,전체1000캠페인_웹사이트방문자30일_3월_동영상1,$99.32,108,10,0,$979.98
2025-04-27,전체400캠페인,전체400캠페인_웹사이트방문자90일,전체400캠페인_웹사이트방문자90일_3월_동영상1,$68.83,387,196,106,$813.18
2025-03-20,전체800캠페인,전체800캠페인_웹사이트방문자60일,전체800캠페인_웹사이트방문자60일_3월_동영상2,$79.92,956,841,565,$409.92
2025-03-25,전체400캠페인,전체400캠페인_웹사이트방문자60일,전체400캠페인_웹사이트방문자60일_3월_동영상2,$19.91,764,760,207,$7.51
2025-05-20,전체400캠페인,전체400캠페인_웹사이트방문자90일,전체400캠페인_웹사이트방문자90일_3월_동영상4,$45.00,647,411,132,$98.92
2025-05-11,전체1000캠페인,전체1000캠페인_웹사이트방문자60일,전체1000캠페인_웹사이트방문자60일_3월_동영상2,$86.92,464,21,17,$571.25
2025-03-23,전체700캠페인,전체700캠페인_웹사이트방문자60일,전체700캠페인_웹사이트방문자60일_3월_동영상5,$74.10,113,82,4,$807.38
2025-05-17,전체1000캠페인,전체1000캠페인_웹사이트방문자60일,전체1000캠페인_웹사이트방문자60일_3월_동영상3,$58.40,774,237,71,$373.73
2025-04-05,전체700캠페인,전체700캠페인_웹사이트방문자90일,전체700캠페인_웹사이트방문자90일_3월_동영상1,$31.89,892,92,7,$613.56
2025-05-14,전체400캠페인,전체400캠페인_웹사이트방문자90일,전체400캠페인_웹사이트방문자90일_3월_동영상3,$98.64,193,71,59,$681.05
2025-03-03,전체800캠페인,전체800캠페인_웹사이트방문자60일,전체800캠페인_웹사이트방문자60일_3월_동영상3,$22.82,108,47,27,$223.69
2025-05-07,전체700캠페인,전체700캠페인_웹사이트방문자90일,전체700캠페인_웹사이트방문자90일_3월_동영상5,$18.27,851,348,63,$555.32
2025-04-18,전체1000캠페인,전체1000캠페인_웹사이트방문자90일,전체1000캠페인_웹사이트방문자90일_3월_동영상4,$76.68,532,77,69,$82.84
2025-04-05,전체1000캠페인,전체1000캠페인_웹사이트방문자90일,전체1000캠페인_웹사이트방문자90일_3월_동영상4,$75.70,332,23,10,$435.89
2025-03-23,전체800캠페인,전체800캠페인_웹사이트방문자30일,전체800캠페인_웹사이트방문자30일_3월_동영상3,$52.90,240,88,55,$51.69
2025-03-21,전체1000캠페인,전체1000캠페인_웹사이트방문자90일,전체1000캠페인_웹사이트방문자90일_3월_동영상3,$78.73,889,90,54,$259.13
2025-03-12,전체700캠페인,전체700캠페인_웹사이트방문자60일,전체700캠페인_웹사이트방문자60일_3월_동영상5,$54.28,648,363,179,$599.15
2025-03-05,전체700캠페인,전체700캠페인_웹사이트방문자60일,전체700캠페인_웹사이트방문자60일_3월_동영상2,$80.41,615,378,38,$66.78
2025-03-18,전체700캠페인,전체700캠페인_웹사이트방문자60일,전체700캠페인_웹사이트방문자60일_3월_동영상5,$5.27,799,435,136,$633.12
2025-05-26,전체700캠페인,전체700캠페인_웹사이트방문자90일,전체700캠페인_웹사이트방문자90일_3월_동영상5,$51.93,622,503,377,$200.40
2025-03-04,전체300캠페인,전체300캠페인_웹사이트방문자90일,전체300캠페인_웹사이트방문자90일_3월_동영상3,$61.02,640,97,53,$880.26
2025-04-01,전체1000캠페인,전체1000캠페인_웹사이트방문자60일,전체1000캠페인_웹사이트방문자60일_3월_동영상1,$57.43,996,466,161,$456.27
2025-05-02,전체800캠페인,전체800캠페인_웹사이트방문자90일,전체800캠페인_웹사이트방문자90일_3월_동영상5,$96.70,434,104,56,$738.55
2025-04-12,전체300캠페인,전체300캠페인_웹사이트방문자90일,전체300캠페인_웹사이트방문자90일_3월_동영상3,$25.85,543,256,24,$936.18
2025-04-02,전체800캠페인,전체800캠페인_웹사이트방문자90일,전체800캠페인_웹사이트방문자90일_3월_동영상2,$81.65,759,139,132,$976.04
2025-04-05,전체1000캠페인,전체1000캠페인_웹사이트방문자30일,전체1000캠페인_웹사이트방문자30일_3월_동영상1,$99.43,927,440,128,$971.55
2025-03-10,전체800캠페인,전체800캠페인_웹사이트방문자30일,전체800캠페인_웹사이트방문자30일_3월_동영상2,$43.99,402,219,49,$957.95
2025-05-02,전체400캠페인,전체400캠페인_웹사이트방문자30일,전체400캠페인_웹사이트방문자30일_3월_동영상2,$86.23,830,199,87,$459.13
2025-04-27,전체300캠페인,전체300캠페인_웹사이트방문자90일,전체300캠페인_웹사이트방문자90일_3월_동영상2,$33.10,186,165,123,$915.54
2025-05-22,전체1000캠페인,전체1000캠페인_웹사이트방문자60일,전체1000캠페인_웹사이트방문자60일_3월_동영상1,$68.40,997,441,51,$110.31
2025-05-25,전체800캠페인,전체800캠페인_웹사이트방문자30일,전체800캠페인_웹사이트방문자30일_3월_동영상5,$42.08,633,456,340,$391.87
2025-03-17,전체700캠페인,전체700캠페인_웹사이트방문자90일,전체700캠페인_웹사이트방문자90일_3월_동영상5,$34.62,100,57,33,$557.49
2025-04-05,전체1000캠페인,전체1000캠페인_웹사이트방문자60일,전체1000캠페인_웹사이트방문자60일_3월_동영상2,$71.79,989,407,314,$321.86
2025-04-11,전체300캠페인,전체300캠페인_웹사이트방문자90일,전체300캠페인_웹사이트방문자90일_3월_동영상4,$40.14,913,677,664,$752.44
2025-04-10,전체400캠페인,전체400캠페인_웹사이트방문자90일,전체400캠페인_웹사이트방문자90일_3월_동영상5,$81.80,849,278,262,$213.64
2025-05-20,전체300캠페인,전체300캠페인_웹사이트방문자90일,전체300캠페인_웹사이트방문자90일_3월_동영상1,$13.76,950,772,20,$765.57
2025-05-03,전체700캠페인,전체700캠페인_웹사이트방문자30일,전체700캠페인_웹사이트방문자30일_3월_동영상4,$98.83,948,900,307,$795.30
2025-05-08,전체800캠페인,전체800캠페인_웹사이트방문자60일,전체800캠페인_웹사이트방문자60일_3월_동영상2,$56.39,102,63,11,$880.17
2025-05-09,전체800캠페인,전체800캠페인_웹사이트방문자30일,전체800캠페인_웹사이트방문자30일_3월_동영상1,$71.14,553,85,32,$414.17
2025-05-06,전체1000캠페인,전체1000캠페인_웹사이트방문자60일,전체1000캠페인_웹사이트방문자60일_3월_동영상5,$57.89,149,38,28,$480.73
2025-05-22,전체700캠페인,전체700캠페인_웹사이트방문자90일,전체700캠페인_웹사이트방문자90일_3월_동영상2,$39.70,318,287,2,$941.29
2025-03-04,전체1000캠페인,전체1000캠페인_웹사이트방문자30일,전체1000캠페인_웹사이트방문자30일_3월_동영상1,$64.39,191,113,93,$292.55
2025-05-06,전체800캠페인,전체800캠페인_웹사이트방문자90일,전체800캠페인_웹사이트방문자90일_3월_동영상2,$35.70,147,118,92,$210.74
2025-03-12,전체1000캠페인,전체1000캠페인_웹사이트방문자60일,전체1000캠페인_웹사이트방문자60일_3월_동영상1,$37.03,666,651,32,$428.90
2025-03-01,전체400캠페인,전체400캠페인_웹사이트방문자60일,전체400캠페인_웹사이트방문자60일_3월_동영상1,$51.73,538,433,56,$603.78
2025-05-16,전체800캠페인,전체800캠페인_웹사이트방문자90일,전체800캠페인_웹사이트방문자90일_3월_동영상5,$95.33,731,184,109,$977.17
2025-03-25,전체300캠페인,전체300캠페인_웹사이트방문자90일,전체300캠페인_웹사이트방문자90일_3월_동영상1,$39.86,448,5,5,$930.59
2025-04-11,전체1000캠페인,전체1000캠페인_웹사이트방문자60일,전체1000캠페인_웹사이트방문자60일_3월_동영상1,$17.87,345,339,71,$626.99
2025-04-24,전체700캠페인,전체700캠페인_웹사이트방문자90일,전체700캠페인_웹사이트방문자90일_3월_동영상1,$37.31,786,330,185,$508.29
2025-05-31,전체700캠페인,전체700캠페인_웹사이트방문자90일,전체700캠페인_웹사이트방문자90일_3월_동영상1,$83.07,108,108,105,$418.24
2025-04-16,전체800캠페인,전체800캠페인_웹사이트방문자90일,전체800캠페인_웹사이트방문자90일_3월_동영상2,$97.04,294,95,81,$910.86
2025-03-07,전체400캠페인,전체400캠페인_웹사이트방문자90일,전체400캠페인_웹사이트방문자90일_3월_동영상3,$66.22,327,3,0,$887.11
2025-03-07,전체1000캠페인,전체1000캠페인_웹사이트방문자30일,전체1000캠페인_웹사이트방문자30일_3월_동영상3,$80.56,921,144,143,$793.38
2025-04-04,전체800캠페인,전체800캠페인_웹사이트방문자90일,전체800캠페인_웹사이트방문자90일_3월_동영상3,$10.58,825,722,160,$445.82
2025-05-28,전체700캠페인,전체700캠페인_웹사이트방문자30일,전체700캠페인_웹사이트방문자30일_3월_동영상4,$62.21,801,625,21,$425.05
2025-04-27,전체800캠페인,전체800캠페인_웹사이트방문자90일,전체800캠페인_웹사이트방문자90일_3월_동영상4,$76.25,192,176,134,$987.21
2025-05-14,전체400캠페인,전체400캠페인_웹사이트방문자30일,전체400캠페인_웹사이트방문자30일_3월_동영상2,$44.51,390,175,145,$931.87
2025-03-19,전체400캠페인,전체400캠페인_웹사이트방문자90일,전체400캠페인_웹사이트방문자90일_3월_동영상1,$21.96,806,724,295,$463.67
2025-03-16,전체800캠페인,전체800캠페인_웹사이트방문자60일,전체800캠페인_웹사이트방문자60일_3월_동영상5,$86.20,111,88,7,$677.20
2025-05-19,전체300캠페인,전체300캠페인_웹사이트방문자90일,전체300캠페인_웹사이트방문자90일_3월_동영상1,$61.66,369,174,155,$847.30
2025-05-20,전체1000캠페인,전체1000캠페인_웹사이트방문자60일,전체1000캠페인_웹사이트방문자60일_3월_동영상2,$62.12,679,513,290,$66.88
2025-03-15,전체300캠페인,전체300캠페인_웹사이트방문자90일,전체300캠페인_웹사이트방문자90일_3월_동영상2,$43.58,364,50,21,$183.12
2025-03-19,전체400캠페인,전체400캠페인_웹사이트방문자90일,전체400캠페인_웹사이트방문자90일_3월_동영상1,$35.73,62,53,30,$490.77
2025-03-05,전체1000캠페인,전체1000캠페인_웹사이트방문자30일,전체1000캠페인_웹사이트방문자30일_3월_동영상1,$83.51,515,405,194,$223.35
2025-03-16,전체1000캠페인,전체1000캠페인_웹사이트방문자60일,전체1000캠페인_웹사이트방문자60일_3월_동영상3,$99.21,458,37,21,$15.31
2025-05-16,전체1000캠페인,전체1000캠페인_웹사이트방문자30일,전체1000캠페인_웹사이트방문자30일_3월_동영상3,$59.92,786,168,45,$537.70
2025-03-20,전체1000캠페인,전체1000캠페인_웹사이트방문자60일,전체1000캠페인_웹사이트방문자60일_3월_동영상4,$51.21,371,187,38,$330.12
2025-05-20,전체800캠페인,전체800캠페인_웹사이트방문자60일,전체800캠페인_웹사이트방문자60일_3월_동영상3,$15.11,223,5,3,$800.69
2025-05-30,전체700캠페인,전체700캠페인_웹사이트방문자90일,전체700캠페인_웹사이트방문자90일_3월_동영상1,$5.14,123,59,13,$382.77
2025-03-10,전체800캠페인,전체800캠페인_웹사이트방문자90일,전체800캠페인_웹사이트방문자90일_3월_동영상4,$36.49,299,20,14,$363.16
2025-03-19,전체700캠페인,전체700캠페인_웹사이트방문자30일,전체700캠페인_웹사이트방문자30일_3월_동영상4,$48.71,581,343,229,$715.65
2025-05-06,전체700캠페인,전체700캠페인_웹사이트방문자90일,전체700캠페인_웹사이트방문자90일_3월_동영상1,$40.21,398,203,75,$286.11
2025-03-29,전체800캠페인,전체800캠페인_웹사이트방문자30일,전체800캠페인_웹사이트방문자30일_3월_동영상2,$95.10,282,83,69,$953.08
2025-04-14,전체700캠페인,전체700캠페인_웹사이트방문자60일,전체700캠페인_웹사이트방문자60일_3월_동영상5,$89.65,939,441,301,$884.26
2025-03-08,전체400캠페인,전체400캠페인_웹사이트방문자60일,전체400캠페인_웹사이트방문자60일_3월_동영상5,$24.38,208,107,39,$763.33
2025-03-10,전체700캠페인,전체700캠페인_웹사이트방문자30일,전체700캠페인_웹사이트방문자30일_3월_동영상1,$77.85,70,5,4,$594.29
2025-04-20,전체700캠페인,전체700캠페인_웹사이트방문자30일,전체700캠페인_웹사이트방문자30일_3월_동영상4,$64.39,696,3,0,$573.66
2025-03-11,전체1000캠페인,전체1000캠페인_웹사이트방문자60일,전체1000캠페인_웹사이트방문자60일_3월_동영상1,$26.33,930,98,38,$383.37
2025-05-01,전체1000캠페인,전체1000캠페인_웹사이트방문자60일,전체1000캠페인_웹사이트방문자60일_3월_동영상2,$94.69,508,264,65,$776.06
2025-03-21,전체300캠페인,전체300캠페인_웹사이트방문자90일,전체300캠페인_웹사이트방문자90일_3월_동영상5,$77.69,235,124,101,$390.82
2025-03-20,전체700캠페인,전체700캠페인_웹사이트방문자30일,전체700캠페인_웹사이트방문자30일_3월_동영상4,$10.62,588,144,100,$581.11
2025-03-14,전체700캠페인,전체700캠페인_웹사이트방문자60일,전체700캠페인_웹사이트방문자60일_3월_동영상5,$74.24,350,210,26,$241.67
2025-03-06,전체700캠페인,전체700캠페인_웹사이트방문자30일,전체700캠페인_웹사이트방문자30일_3월_동영상2,$35.68,137,55,13,$885.04
2025-03-14,전체700캠페인,전체700캠페인_웹사이트방문자30일,전체700캠페인_웹사이트방문자30일_3월_동영상1,$11.75,986,571,442,$488.35
2025-03-03,전체800캠페인,전체800캠페인_웹사이트방문자30일,전체800캠페인_웹사이트방문자30일_3월_동영상2,$9.77,454,227,156,$777.62
2025-03-23,전체300캠페인,전체300캠페인_웹사이트방문자90일,전체300캠페인_웹사이트방문자90일_3월_동영상1,$62.37,410,229,104,$76.38
2025-04-28,전체1000캠페인,전체1000캠페인_웹사이트방문자60일,전체1000캠페인_웹사이트방문자60일_3월_동영상3,$59.51,821,437,397,$62.66
2025-04-23,전체400캠페인,전체400캠페인_웹사이트방문자60일,전체400캠페인_웹사이트방문자60일_3월_동영상1,$47.69,897,765,285,$307.21
2025-03-21,전체700캠페인,전체700캠페인_웹사이트방문자30일,전체700캠페인_웹사이트방문자30일_3월_동영상2,$37.17,482,287,232,$132.67
2025-04-26,전체700캠페인,전체700캠페인_웹사이트방문자90일,전체700캠페인_웹사이트방문자90일_3월_동영상2,$22.51,326,55,10,$358.92
2025-03-10,전체1000캠페인,전체1000캠페인_웹사이트방문자60일,전체1000캠페인_웹사이트방문자60일_3월_동영상1,$90.07,736,619,91,$831.05
2025-05-03,전체1000캠페인,전체1000캠페인_웹사이트방문자60일,전체1000캠페인_웹사이트방문자60일_3월_동영상1,$54.88,912,781,411,$436.95
2025-04-01,전체700캠페인,전체700캠페인_웹사이트방문자90일,전체700캠페인_웹사이트방문자90일_3월_동영상1,$88.33,275,223,148,$908.01
2025-05-22,전체400캠페인,전체400캠페인_웹사이트방문자60일,전체400캠페인_웹사이트방문자60일_3월_동영상2,$36.42,499,439,223,$833.07
2025-04-25,전체400캠페인,전체400캠페인_웹사이트방문자60일,전체400캠페인_웹사이트방문자60일_3월_동영상2,$77.01,703,647,572,$939.48
2025-05-17,전체700캠페인,전체700캠페인_웹사이트방문자30일,전체700캠페인_웹사이트방문자30일_3월_동영상2,$57.44,188,59,37,$976.49
2025-04-05,전체700캠페인,전체700캠페인_웹사이트방문자90일,전체700캠페인_웹사이트방문자90일_3월_동영상5,$39.73,488,368,350,$120.00
2025-04-09,전체800캠페인,전체800캠페인_웹사이트방문자30일,전체800캠페인_웹사이트방문자30일_3월_동영상5,$36.42,369,309,270,$759.27
2025-03-17,전체400캠페인,전체400캠페인_웹사이트방문자60일,전체400캠페인_웹사이트방문자60일_3월_동영상1,$89.90,340,297,277,$542.29
2025-05-03,전체1000캠페인,전체1000캠페인_웹사이트방문자60일,전체1000캠페인_웹사이트방문자60일_3월_동영상4,$76.10,580,438,283,$900.03
2025-05-01,전체800캠페인,전체800캠페인_웹사이트방문자60일,전체800캠페인_웹사이트방문자60일_3월_동영상3,$8.00,876,108,50,$718.48
2025-05-06,전체300캠페인,전체300캠페인_웹사이트방문자90일,전체300캠페인_웹사이트방문자90일_3월_동영상1,$41.71,556,479,116,$259.22
2025-04-20,전체800캠페인,전체800캠페인_웹사이트방문자60일,전체800캠페인_웹사이트방문자60일_3월_동영상2,$10.67,604,398,157,$931.40
2025-05-31,전체700캠페인,전체700캠페인_웹사이트방문자90일,전체700캠페인_웹사이트방문자90일_3월_동영상5,$98.47,646,373,174,$476.70
2025-05-20,전체400캠페인,전체400캠페인_웹사이트방문자30일,전체400캠페인_웹사이트방문자30일_3월_동영상2,$5.43,485,249,30,$695.83
2025-05-28,전체1000캠페인,전체1000캠페인_웹사이트방문자60일,전체1000캠페인_웹사이트방문자60일_3월_동영상2,$8.88,663,225,147,$129.10
2025-03-11,전체700캠페인,전체700캠페인_웹사이트방문자60일,전체700캠페인_웹사이트방문자60일_3월_동영상2,$48.80,568,561,3,$696.18
2025-05-04,전체400캠페인,전체400캠페인_웹사이트방문자60일,전체400캠페인_웹사이트방문자60일_3월_동영상1,$45.05,97,57,15,$396.79
2025-05-24,전체1000캠페인,전체1000캠페인_웹사이트방문자90일,전체1000캠페인_웹사이트방문자90일_3월_동영상4,$46.22,68,29,14,$72.40
2025-05-03,전체1000캠페인,전체1000캠페인_웹사이트방문자60일,전체1000캠페인_웹사이트방문자60일_3월_동영상4,$39.36,679,644,459,$205.12
2025-05-25,전체1000캠페인,전체1000캠페인_웹사이트방문자60일,전체1000캠페인_웹사이트방문자60일_3월_동영상2,$87.40,886,492,445,$14.80
2025-05-31,전체1000캠페인,전체1000캠페인_웹사이트방문자60일,전체1000캠페인_웹사이트방문자60일_3월_동영상1,$48.03,445,217,57,$917.44
2025-05-23,전체300캠페인,전체300캠페인_웹사이트방문자90일,전체300캠페인_웹사이트방문자90일_3월_동영상5,$71.16,410,117,84,$247.43
2025-03-13,전체700캠페인,전체700캠페인_웹사이트방문자90일,전체700캠페인_웹사이트방문자90일_3월_동영상3,$53.98,342,76,45,$925.49
2025-03-08,전체400캠페인,전체400캠페인_웹사이트방문자60일,전체400캠페인_웹사이트방문자60일_3월_동영상3,$92.48,375,11,0,$889.01
2025-04-09,전체300캠페인,전체300캠페인_웹사이트방문자90일,전체300캠페인_웹사이트방문자90일_3월_동영상1,$39.03,647,542,290,$861.86
2025-04-15,전체700캠페인,전체700캠페인_웹사이트방문자90일,전체700캠페인_웹사이트방문자90일_3월_동영상1,$49.46,620,512,296,$421.64
2025-05-10,전체300캠페인,전체300캠페인_웹사이트방문자90일,전체300캠페인_웹사이트방문자90일_3월_동영상5,$53.01,732,607,430,$24.24
2025-05-18,전체800캠페인,전체800캠페인_웹사이트방문자60일,전체800캠페인_웹사이트방문자60일_3월_동영상5,$74.14,903,684,298,$741.66
2025-03-21,전체800캠페인,전체800캠페인_웹사이트방문자90일,전체800캠페인_웹사이트방문자90일_3월_동영상2,$79.27,575,291,18,$631.41
2025-03-16,전체1000캠페인,전체1000캠페인_웹사이트방문자60일,전체1000캠페인_웹사이트방문자60일_3월_동영상2,$20.84,263,182,55,$747.22
2025-05-21,전체1000캠페인,전체1000캠페인_웹사이트방문자60일,전체1000캠페인_웹사이트방문자60일_3월_동영상5,$16.92,731,536,391,$962.04
2025-03-06,전체1000캠페인,전체1000캠페인_웹사이트방문자60일,전체1000캠페인_웹사이트방문자60일_3월_동영상2,$81.94,472,124,102,$368.51
2025-04-07,전체1000캠페인,전체1000캠페인_웹사이트방문자60일,전체1000캠페인_웹사이트방문자60일_3월_동영상2,$24.02,788,141,79,$446.18
2025-03-14,전체800캠페인,전체800캠페인_웹사이트방문자60일,전체800캠페인_웹사이트방문자60일_3월_동영상3,$64.76,935,342,301,$503.12
2025-04-23,전체800캠페인,전체800캠페인_웹사이트방문자60일,전체800캠페인_웹사이트방문자60일_3월_동영상2,$32.39,956,822,365,$308.78
2025-03-08,전체700캠페인,전체700캠페인_웹사이트방문자90일,전체700캠페인_웹사이트방문자90일_3월_동영상5,$78.01,855,109,87,$527.16
2025-05-03,전체1000캠페인,전체1000캠페인_웹사이트방문자60일,전체1000캠페인_웹사이트방문자60일_3월_동영상5,$88.52,221,180,125,$935.04
2025-04-02,전체700캠페인,전체700캠페인_웹사이트방문자30일,전체700캠페인_웹사이트방문자30일_3월_동영상1,$43.35,625,90,35,$325.71
2025-03-23,전체1000캠페인,전체1000캠페인_웹사이트방문자60일,전체1000캠페인_웹사이트방문자60일_3월_동영상5,$68.65,694,485,451,$868.33
2025-05-28,전체400캠페인,전체400캠페인_웹사이트방문자60일,전체400캠페인_웹사이트방문자60일_3월_동영상3,$29.97,736,697,618,$693.18
2025-03-14,전체700캠페인,전체700캠페인_웹사이트방문자90일,전체700캠페인_웹사이트방문자90일_3월_동영상2,$76.62,209,12,1,$66.06
2025-03-24,전체300캠페인,전체300캠페인_웹사이트방문자90일,전체300캠페인_웹사이트방문자90일_3월_동영상5,$59.48,177,115,38,$146.82
2025-05-14,전체1000캠페인,전체1000캠페인_웹사이트방문자60일,전체1000캠페인_웹사이트방문자60일_3월_동영상1,$27.96,282,276,227,$260.58
2025-03-15,전체700캠페인,전체700캠페인_웹사이트방문자60일,전체700캠페인_웹사이트방문자60일_3월_동영상5,$43.34,141,73,53,$48.69
2025-05-19,전체400캠페인,전체400캠페인_웹사이트방문자90일,전체400캠페인_웹사이트방문자90일_3월_동영상1,$17.74,917,233,137,$606.02
2025-03-12,전체1000캠페인,전체1000캠페인_웹사이트방문자30일,전체1000캠페인_웹사이트방문자30일_3월_동영상1,$8.40,938,382,369,$905.29
2025-05-16,전체400캠페인,전체400캠페인_웹사이트방문자90일,전체400캠페인_웹사이트방문자90일_3월_동영상4,$7.08,751,394,80,$918.15
2025-03-10,전체800캠페인,전체800캠페인_웹사이트방문자90일,전체800캠페인_웹사이트방문자90일_3월_동영상2,$64.00,139,29,16,$116.19
2025-05-27,전체400캠페인,전체400캠페인_웹사이트방문자60일,전체400캠페인_웹사이트방문자60일_3월_동영상2,$72.72,734,399,65,$766.38
2025-05-03,전체1000캠페인,전체1000캠페인_웹사이트방문자60일,전체1000캠페인_웹사이트방문자60일_3월_동영상1,$22.54,109,91,9,$143.49
2025-05-03,전체800캠페인,전체800캠페인_웹사이트방문자90일,전체800캠페인_웹사이트방문자90일_3월_동영상2,$67.34,108,76,65,$925.54
2025-05-22,전체700캠페인,전체700캠페인_웹사이트방문자60일,전체700캠페인_웹사이트방문자60일_3월_동영상2,$45.79,528,225,157,$79.05
2025-03-28,전체800캠페인,전체800캠페인_웹사이트방문자30일,전체800캠페인_웹사이트방문자30일_3월_동영상2,$11.77,352,325,84,$965.53
2025-05-13,전체1000캠페인,전체1000캠페인_웹사이트방문자60일,전체1000캠페인_웹사이트방문자60일_3월_동영상1,$11.50,720,398,2,$370.07
2025-04-09,전체1000캠페인,전체1000캠페인_웹사이트방문자90일,전체1000캠페인_웹사이트방문자90일_3월_동영상3,$31.11,945,56,53,$812.65
2025-03-12,전체300캠페인,전체300캠페인_웹사이트방문자90일,전체300캠페인_웹사이트방문자90일_3월_동영상2,$5.84,829,285,159,$752.47
2025-03-23,전체1000캠페인,전체1000캠페인_웹사이트방문자90일,전체1000캠페인_웹사이트방문자90일_3월_동영상1,$73.02,637,374,364,$838.37
2025-04-04,전체1000캠페인,전체1000캠페인_웹사이트방문자60일,전체1000캠페인_웹사이트방문자60일_3월_동영상1,$33.18,103,77,5,$360.64
2025-04-03,전체400캠페인,전체400캠페인_웹사이트방문자30일,전체400캠페인_웹사이트방문자30일_3월_동영상2,$8.76,241,122,66,$236.79
2025-04-03,전체1000캠페인,전체1000캠페인_웹사이트방문자60일,전체1000캠페인_웹사이트방문자60일_3월_동영상2,$58.87,202,192,73,$950.55
2025-03-28,전체800캠페인,전체800캠페인_웹사이트방문자90일,전체800캠페인_웹사이트방문자90일_3월_동영상5,$64.40,125,107,97,$633.35
2025-05-25,전체1000캠페인,전체1000캠페인_웹사이트방문자60일,전체1000캠페인_웹사이트방문자60일_3월_동영상4,$37.72,107,8,2,$812.32
2025-03-20,전체1000캠페인,전체1000캠페인_웹사이트방문자60일,전체1000캠페인_웹사이트방문자60일_3월_동영상1,$37.27,643,354,115,$351.39
2025-05-29,전체400캠페인,전체400캠페인_웹사이트방문자60일,전체400캠페인_웹사이트방문자60일_3월_동영상5,$98.87,212,4,0,$37.81
2025-04-20,전체400캠페인,전체400캠페인_웹사이트방문자60일,전체400캠페인_웹사이트방문자60일_3월_동영상3,$77.66,867,105,51,$25.71
2025-04-23,전체800캠페인,전체800캠페인_웹사이트방문자90일,전체800캠페인_웹사이트방문자90일_3월_동영상2,$72.02,233,107,67,$824.99
2025-03-11,전체1000캠페인,전체1000캠페인_웹사이트방문자60일,전체1000캠페인_웹사이트방문자60일_3월_동영상5,$94.96,215,160,87,$538.45
2025-04-10,전체800캠페인,전체800캠페인_웹사이트방문자30일,전체800캠페인_웹사이트방문자30일_3월_동영상5,$98.01,330,46,8,$755.81
2025-05-21,전체1000캠페인,전체1000캠페인_웹사이트방문자90일,전체1000캠페인_웹사이트방문자90일_3월_동영상4,$63.55,792,551,429,$959.62
2025-05-27,전체1000캠페인,전체1000캠페인_웹사이트방문자60일,전체1000캠페인_웹사이트방문자60일_3월_동영상1,$24.04,888,502,19,$429.34
2025-04-05,전체300캠페인,전체300캠페인_웹사이트방문자90일,전체300캠페인_웹사이트방문자90일_3월_동영상2,$43.31,576,340,335,$717.03
2025-03-29,전체800캠페인,전체800캠페인_웹사이트방문자90일,전체800캠페인_웹사이트방문자90일_3월_동영상3,$95.54,129,60,28,$253.06
2025-04-14,전체700캠페인,전체700캠페인_웹사이트방문자30일,전체700캠페인_웹사이트방문자30일_3월_동영상4,$72.02,272,229,184,$135.58
2025-03-20,전체400캠페인,전체400캠페인_웹사이트방문자90일,전체400캠페인_웹사이트방문자90일_3월_동영상4,$33.09,789,120,41,$369.32
2025-05-17,전체700캠페인,전체700캠페인_웹사이트방문자30일,전체700캠페인_웹사이트방문자30일_3월_동영상1,$28.25,322,68,64,$117.32
2025-05-02,전체1000캠페인,전체1000캠페인_웹사이트방문자60일,전체1000캠페인_웹사이트방문자60일_3월_동영상5,$12.03,493,467,268,$331.56
2025-03-18,전체800캠페인,전체800캠페인_웹사이트방문자60일,전체800캠페인_웹사이트방문자60일_3월_동영상3,$51.34,78,53,27,$609.95
2025-03-10,전체1000캠페인,전체1000캠페인_웹사이트방문자90일,전체1000캠페인_웹사이트방문자90일_3월_동영상1,$40.64,710,487,71,$638.56
2025-03-15,전체400캠페인,전체400캠페인_웹사이트방문자90일,전체400캠페인_웹사이트방문자90일_3월_동영상3,$76.15,198,84,20,$492.40
2025-03-11,전체800캠페인,전체800캠페인_웹사이트방문자60일,전체800캠페인_웹사이트방문자60일_3월_동영상3,$83.04,206,178,14,$908.93
2025-03-06,전체1000캠페인,전체1000캠페인_웹사이트방문자60일,전체1000캠페인_웹사이트방문자60일_3월_동영상2,$63.55,681,563,480,$788.83
2025-03-19,전체1000캠페인,전체1000캠페인_웹사이트방문자60일,전체1000캠페인_웹사이트방문자60일_3월_동영상5,$16.59,107,1,0,$586.09
2025-05-11,전체700캠페인,전체700캠페인_웹사이트방문자90일,전체700캠페인_웹사이트방문자90일_3월_동영상4,$13.31,185,133,64,$108.93
2025-03-19,전체800캠페인,전체800캠페인_웹사이트방문자60일,전체800캠페인_웹사이트방문자60일_3월_동영상3,$54.60,472,53,33,$738.04
2025-03-23,전체700캠페인,전체700캠페인_웹사이트방문자60일,전체700캠페인_웹사이트방문자60일_3월_동영상2,$61.41,502,449,55,$755.62
2025-03-11,전체1000캠페인,전체1000캠페인_웹사이트방문자60일,전체1000캠페인_웹사이트방문자60일_3월_동영상2,$13.92,74,3,2,$746.64
2025-05-28,전체400캠페인,전체400캠페인_웹사이트방문자60일,전체400캠페인_웹사이트방문자60일_3월_동영상5,$46.92,454,26,14,$621.55
2025-05-13,전체800캠페인,전체800캠페인_웹사이트방문자60일,전체800캠페인_웹사이트방문자60일_3월_동영상2,$17.95,611,372,261,$497.74
2025-03-26,전체1000캠페인,전체1000캠페인_웹사이트방문자60일,전체1000캠페인_웹사이트방문자60일_3월_동영상2,$68.54,274,240,225,$424.84
2025-04-16,전체1000캠페인,전체1000캠페인_웹사이트방문자60일,전체1000캠페인_웹사이트방문자60일_3월_동영상3,$94.20,608,365,79,$212.24
2025-03-29,전체400캠페인,전체400캠페인_웹사이트방문자60일,전체400캠페인_웹사이트방문자60일_3월_동영상2,$11.48,708,291,277,$768.80
2025-04-08,전체800캠페인,전체800캠페인_웹사이트방문자90일,전체800캠페인_웹사이트방문자90일_3월_동영상5,$83.41,398,397,253,$221.72
2025-03-26,전체1000캠페인,전체1000캠페인_웹사이트방문자60일,전체1000캠페인_웹사이트방문자60일_3월_동영상3,$53.84,980,675,460,$392.91
2025-04-11,전체1000캠페인,전체1000캠페인_웹사이트방문자60일,전체1000캠페인_웹사이트방문자60일_3월_동영상2,$99.02,244,114,61,$611.77
2025-04-23,전체800캠페인,전체800캠페인_웹사이트방문자90일,전체800캠페인_웹사이트방문자90일_3월_동영상3,$25.33,977,367,87,$587.92
2025-05-01,전체400캠페인,전체400캠페인_웹사이트방문자60일,전체400캠페인_웹사이트방문자60일_3월_동영상3,$86.02,409,272,218,$126.42
2025-04-30,전체400캠페인,전체400캠페인_웹사이트방문자60일,전체400캠페인_웹사이트방문자60일_3월_동영상3,$74.81,564,57,37,$340.00
2025-03-26,전체800캠페인,전체800캠페인_웹사이트방문자90일,전체800캠페인_웹사이트방문자90일_3월_동영상4,$83.20,278,137,126,$229.31
2025-04-02,전체800캠페인,전체800캠페인_웹사이트방문자90일,전체800캠페인_웹사이트방문자90일_3월_동영상2,$41.13,106,32,7,$970.01
2025-03-17,전체400캠페인,전체400캠페인_웹사이트방문자30일,전체400캠페인_웹사이트방문자30일_3월_동영상2,$61.73,522,431,213,$763.78
2025-03-20,전체800캠페인,전체800캠페인_웹사이트방문자90일,전체800캠페인_웹사이트방문자90일_3월_동영상2,$14.67,648,355,237,$449.68
2025-03-14,전체700캠페인,전체700캠페인_웹사이트방문자30일,전체700캠페인_웹사이트방문자30일_3월_동영상2,$61.85,801,97,27,$458.96
2025-03-19,전체800캠페인,전체800캠페인_웹사이트방문자60일,전체800캠페인_웹사이트방문자60일_3월_동영상2,$20.73,324,318,97,$364.86
2025-03-20,전체1000캠페인,전체1000캠페인_웹사이트방문자90일,전체1000캠페인_웹사이트방문자90일_3월_동영상4,$11.45,458,268,184,$900.51
2025-04-07,전체400캠페인,전체400캠페인_웹사이트방문자60일,전체400캠페인_웹사이트방문자60일_3월_동영상5,$61.83,112,17,17,$907.09
2025-04-02,전체700캠페인,전체700캠페인_웹사이트방문자30일,전체700캠페인_웹사이트방문자30일_3월_동영상1,$79.17,551,70,60,$813.04
2025-05-20,전체300캠페인,전체300캠페인_웹사이트방문자90일,전체300캠페인_웹사이트방문자90일_3월_동영상1,$77.89,81,45,42,$24.71
2025-03-29,전체400캠페인,전체400캠페인_웹사이트방문자60일,전체400캠페인_웹사이트방문자60일_3월_동영상5,$98.42,595,218,108,$337.65
2025-03-02,전체700캠페인,전체700캠페인_웹사이트방문자90일,전체700캠페인_웹사이트방문자90일_3월_동영상1,$22.29,419,212,110,$655.59
2025-03-23,전체400캠페인,전체400캠페인_웹사이트방문자60일,전체400캠페인_웹사이트방문자60일_3월_동영상3,$16.34,926,440,253,$762.52
2025-03-23,전체400캠페인,전체400캠페인_웹사이트방문자90일,전체400캠페인_웹사이트방문자90일_3월_동영상3,$96.45,371,130,34,$591.93
2025-03-03,전체1000캠페인,전체1000캠페인_웹사이트방문자60일,전체1000캠페인_웹사이트방문자60일_3월_동영상1,$65.41,545,460,339,$98.57
2025-04-15,전체1000캠페인,전체1000캠페인_웹사이트방문자60일,전체1000캠페인_웹사이트방문자60일_3월_동영상5,$32.14,954,371,130,$713.72
2025-03-22,전체700캠페인,전체700캠페인_웹사이트방문자30일,전체700캠페인_웹사이트방문자30일_3월_동영상4,$72.08,648,146,65,$522.77
2025-04-12,전체400캠페인,전체400캠페인_웹사이트방문자90일,전체400캠페인_웹사이트방문자90일_3월_동영상5,$73.31,266,3,1,$999.90
2025-04-03,전체1000캠페인,전체1000캠페인_웹사이트방문자90일,전체1000캠페인_웹사이트방문자90일_3월_동영상5,$35.24,563,550,394,$190.00
2025-05-17,전체800캠페인,전체800캠페인_웹사이트방문자60일,전체800캠페인_웹사이트방문자60일_3월_동영상3,$65.61,273,189,36,$166.76
2025-05-07,전체1000캠페인,전체1000캠페인_웹사이트방문자60일,전체1000캠페인_웹사이트방문자60일_3월_동영상1,$55.37,160,71,58,$159.26
2025-03-20,전체700캠페인,전체700캠페인_웹사이트방문자90일,전체700캠페인_웹사이트방문자90일_3월_동영상5,$61.82,377,266,157,$315.32
2025-04-11,전체1000캠페인,전체1000캠페인_웹사이트방문자60일,전체1000캠페인_웹사이트방문자60일_3월_동영상5,$41.39,812,426,45,$201.03
2025-05-20,전체700캠페인,전체700캠페인_웹사이트방문자60일,전체700캠페인_웹사이트방문자60일_3월_동영상2,$21.88,653,201,98,$330.45
2025-04-20,전체1000캠페인,전체1000캠페인_웹사이트방문자60일,전체1000캠페인_웹사이트방문자60일_3월_동영상2,$43.17,585,329,316,$63.14
2025-04-12,전체1000캠페인,전체1000캠페인_웹사이트방문자60일,전체1000캠페인_웹사이트방문자60일_3월_동영상1,$15.87,658,29,2,$720.42
2025-03-30,전체1000캠페인,전체1000캠페인_웹사이트방문자30일,전체1000캠페인_웹사이트방문자30일_3월_동영상1,$36.29,495,398,194,$869.51
2025-05-24,전체1000캠페인,전체1000캠페인_웹사이트방문자60일,전체1000캠페인_웹사이트방문자60일_3월_동영상5,$77.97,566,91,86,$37.42
2025-04-18,전체700캠페인,전체700캠페인_웹사이트방문자60일,전체700캠페인_웹사이트방문자60일_3월_동영상2,$64.16,861,267,241,$394.73
2025-03-21,전체1000캠페인,전체1000캠페인_웹사이트방문자60일,전체1000캠페인_웹사이트방문자60일_3월_동영상4,$8.75,694,236,15,$393.08
2025-04-04,전체800캠페인,전체800캠페인_웹사이트방문자60일,전체800캠페인_웹사이트방문자60일_3월_동영상5,$67.97,651,514,254,$601.27
2025-03-30,전체1000캠페인,전체1000캠페인_웹사이트방문자60일,전체1000캠페인_웹사이트방문자60일_3월_동영상5,$85.39,98,43,14,$27.50
2025-04-12,전체800캠페인,전체800캠페인_웹사이트방문자60일,전체800캠페인_웹사이트방문자60일_3월_동영상5,$91.63,978,724,601,$780.76
2025-05-08,전체300캠페인,전체300캠페인_웹사이트방문자90일,전체300캠페인_웹사이트방문자90일_3월_동영상3,$72.60,345,313,4,$513.35
2025-05-14,전체1000캠페인,전체1000캠페인_웹사이트방문자60일,전체1000캠페인_웹사이트방문자60일_3월_동영상2,$42.86,190,81,48,$279.32
2025-05-29,전체1000캠페인,전체1000캠페인_웹사이트방문자60일,전체1000캠페인_웹사이트방문자60일_3월_동영상1,$64.62,128,112,98,$792.31
2025-04-15,전체300캠페인,전체300캠페인_웹사이트방문자90일,전체300캠페인_웹사이트방문자90일_3월_동영상1,$46.98,547,162,74,$148.13
2025-04-22,전체700캠페인,전체700캠페인_웹사이트방문자30일,전체700캠페인_웹사이트방문자30일_3월_동영상2,$21.30,570,437,378,$387.32
2025-04-29,전체400캠페인,전체400캠페인_웹사이트방문자90일,전체400캠페인_웹사이트방문자90일_3월_동영상1,$62.32,817,463,357,$494.58
2025-05-14,전체400캠페인,전체400캠페인_웹사이트방문자60일,전체400캠페인_웹사이트방문자60일_3월_동영상3,$67.03,882,334,308,$885.22
2025-03-12,전체700캠페인,전체700캠페인_웹사이트방문자90일,전체700캠페인_웹사이트방문자90일_3월_동영상2,$53.10,941,820,726,$531.36
2025-05-30,전체700캠페인,전체700캠페인_웹사이트방문자90일,전체700캠페인_웹사이트방문자90일_3월_동영상1,$87.79,297,238,99,$257.44
2025-04-09,전체1000캠페인,전체1000캠페인_웹사이트방문자90일,전체1000캠페인_웹사이트방문자90일_3월_동영상4,$65.10,395,367,298,$832.70
2025-04-05,전체400캠페인,전체400캠페인_웹사이트방문자60일,전체400캠페인_웹사이트방문자60일_3월_동영상3,$50.74,801,735,228,$211.31
2025-03-04,전체800캠페인,전체800캠페인_웹사이트방문자60일,전체800캠페인_웹사이트방문자60일_3월_동영상2,$74.94,482,401,13,$731.62
2025-04-24,전체400캠페인,전체400캠페인_웹사이트방문자60일,전체400캠페인_웹사이트방문자60일_3월_동영상1,$88.70,329,220,90,$529.87
2025-03-29,전체400캠페인,전체400캠페인_웹사이트방문자30일,전체400캠페인_웹사이트방문자30일_3월_동영상1,$25.35,233,49,44,$397.83
2025-05-21,전체700캠페인,전체700캠페인_웹사이트방문자30일,전체700캠페인_웹사이트방문자30일_3월_동영상2,$48.71,210,3,3,$737.73
2025-03-23,전체1000캠페인,전체1000캠페인_웹사이트방문자60일,전체1000캠페인_웹사이트방문자60일_3월_동영상1,$81.49,314,181,146,$703.55
2025-03-17,전체1000캠페인,전체1000캠페인_웹사이트방문자60일,전체1000캠페인_웹사이트방문자60일_3월_동영상1,$81.69,787,677,591,$972.73
2025-05-08,전체1000캠페인,전체1000캠페인_웹사이트방문자60일,전체1000캠페인_웹사이트방문자60일_3월_동영상1,$47.19,567,381,92,$854.79
2025-04-29,전체1000캠페인,전체1000캠페인_웹사이트방문자90일,전체1000캠페인_웹사이트방문자90일_3월_동영상5,$82.50,77,48,15,$252.75
2025-05-25,전체1000캠페인,전체1000캠페인_웹사이트방문자60일,전체1000캠페인_웹사이트방문자60일_3월_동영상3,$28.70,886,59,48,$519.47
2025-04-15,전체400캠페인,전체400캠페인_웹사이트방문자60일,전체400캠페인_웹사이트방문자60일_3월_동영상5,$94.40,158,66,30,$19.25
2025-04-25,전체400캠페인,전체400캠페인_웹사이트방문자30일,전체400캠페인_웹사이트방문자30일_3월_동영상2,$93.51,885,541,401,$409.54
2025-04-15,전체800캠페인,전체800캠페인_웹사이트방문자60일,전체800캠페인_웹사이트방문자60일_3월_동영상3,$59.98,225,194,80,$979.21
2025-04-26,전체800캠페인,전체800캠페인_웹사이트방문자90일,전체800캠페인_웹사이트방문자90일_3월_동영상4,$39.33,911,102,65,$284.08
2025-04-24,전체300캠페인,전체300캠페인_웹사이트방문자90일,전체300캠페인_웹사이트방문자90일_3월_동영상3,$44.99,947,221,17,$227.26
2025-05-25,전체1000캠페인,전체1000캠페인_웹사이트방문자60일,전체1000캠페인_웹사이트방문자60일_3월_동영상2,$61.86,307,259,51,$202.42
2025-03-18,전체800캠페인,전체800캠페인_웹사이트방문자60일,전체800캠페인_웹사이트방문자60일_3월_동영상5,$69.15,533,413,19,$232.62
2025-05-29,전체800캠페인,전체800캠페인_웹사이트방문자60일,전체800캠페인_웹사이트방문자60일_3월_동영상3,$58.86,539,63,41,$785.78
2025-03-13,전체1000캠페인,전체1000캠페인_웹사이트방문자60일,전체1000캠페인_웹사이트방문자60일_3월_동영상1,$35.55,375,185,66,$98.87
2025-03-15,전체800캠페인,전체800캠페인_웹사이트방문자30일,전체800캠페인_웹사이트방문자30일_3월_동영상1,$69.38,415,166,68,$811.08
2025-04-14,전체1000캠페인,전체1000캠페인_웹사이트방문자60일,전체1000캠페인_웹사이트방문자60일_3월_동영상2,$68.78,428,87,11,$145.65
2025-04-21,전체300캠페인,전체300캠페인_웹사이트방문자90일,전체300캠페인_웹사이트방문자90일_3월_동영상4,$8.06,662,511,151,$289.68
2025-05-03,전체800캠페인,전체800캠페인_웹사이트방문자90일,전체800캠페인_웹사이트방문자90일_3월_동영상4,$42.45,412,382,252,$693.46
2025-05-05,전체1000캠페인,전체1000캠페인_웹사이트방문자60일,전체1000캠페인_웹사이트방문자60일_3월_동영상5,$73.62,233,67,52,$826.14
2025-04-24,전체400캠페인,전체400캠페인_웹사이트방문자90일,전체400캠페인_웹사이트방문자90일_3월_동영상5,$97.09,424,421,304,$480.32
2025-04-18,전체700캠페인,전체700캠페인_웹사이트방문자90일,전체700캠페인_웹사이트방문자90일_3월_동영상1,$42.40,817,517,402,$595.10
2025-03-21,전체1000캠페인,전체1000캠페인_웹사이트방문자60일,전체1000캠페인_웹사이트방문자60일_3월_동영상2,$25.55,564,287,149,$173.72
2025-03-21,전체1000캠페인,전체1000캠페인_웹사이트방문자60일,전체1000캠페인_웹사이트방문자60일_3월_동영상5,$33.72,475,148,106,$997.47
2025-04-21,전체400캠페인,전체400캠페인_웹사이트방문자90일,전체400캠페인_웹사이트방문자90일_3월_동영상4,$80.04,932,298,62,$910.17
2025-04-26,전체300캠페인,전체300캠페인_웹사이트방문자90일,전체300캠페인_웹사이트방문자90일_3월_동영상3,$97.99,918,269,96,$474.59
2025-04-06,전체700캠페인,전체700캠페인_웹사이트방문자30일,전체700캠페인_웹사이트방문자30일_3월_동영상2,$33.14,245,162,17,$931.70
2025-03-02,전체800캠페인,전체800캠페인_웹사이트방문자60일,전체800캠페인_웹사이트방문자60일_3월_동영상5,$72.08,628,482,355,$190.33
2025-03-28,전체800캠페인,전체800캠페인_웹사이트방문자60일,전체800캠페인_웹사이트방문자60일_3월_동영상3,$94.48,396,193,137,$486.98
2025-05-01,전체400캠페인,전체400캠페인_웹사이트방문자60일,전체400캠페인_웹사이트방문자60일_3월_동영상5,$14.30,580,570,565,$173.44
2025-05-08,전체400캠페인,전체400캠페인_웹사이트방문자60일,전체400캠페인_웹사이트방문자60일_3월_동영상5,$22.79,636,115,77,$618.68
2025-03-21,전체300캠페인,전체300캠페인_웹사이트방문자90일,전체300캠페인_웹사이트방문자90일_3월_동영상3,$36.03,784,100,28,$707.17
2025-03-20,전체400캠페인,전체400캠페인_웹사이트방문자90일,전체400캠페인_웹사이트방문자90일_3월_동영상3,$42.48,976,418,380,$906.67
2025-04-28,전체1000캠페인,전체1000캠페인_웹사이트방문자60일,전체1000캠페인_웹사이트방문자60일_3월_동영상4,$74.95,697,680,322,$132.10
2025-04-16,전체1000캠페인,전체1000캠페인_웹사이트방문자30일,전체1000캠페인_웹사이트방문자30일_3월_동영상3,$50.42,744,340,327,$148.36
2025-03-23,전체1000캠페인,전체1000캠페인_웹사이트방문자60일,전체1000캠페인_웹사이트방문자60일_3월_동영상3,$66.13,531,273,244,$269.66
2025-05-04,전체1000캠페인,전체1000캠페인_웹사이트방문자60일,전체1000캠페인_웹사이트방문자60일_3월_동영상2,$94.01,307,130,16,$645.87
2025-04-12,전체1000캠페인,전체1000캠페인_웹사이트방문자60일,전체1000캠페인_웹사이트방문자60일_3월_동영상3,$26.86,851,425,18,$879.43
2025-03-21,전체1000캠페인,전체1000캠페인_웹사이트방문자60일,전체1000캠페인_웹사이트방문자60일_3월_동영상2,$45.10,302,293,19,$390.82
2025-03-03,전체700캠페인,전체700캠페인_웹사이트방문자60일,전체700캠페인_웹사이트방문자60일_3월_동영상5,$7.65,74,15,10,$840.33
2025-05-20,전체400캠페인,전체400캠페인_웹사이트방문자30일,전체400캠페인_웹사이트방문자30일_3월_동영상2,$10.50,931,393,177,$72.32
2025-03-18,전체1000캠페인,전체1000캠페인_웹사이트방문자60일,전체1000캠페인_웹사이트방문자60일_3월_동영상3,$84.56,706,700,332,$716.56
2025-03-12,전체800캠페인,전체800캠페인_웹사이트방문자90일,전체800캠페인_웹사이트방문자90일_3월_동영상3,$10.66,673,59,51,$382.75
2025-03-01,전체1000캠페인,전체1000캠페인_웹사이트방문자60일,전체1000캠페인_웹사이트방문자60일_3월_동영상4,$7.46,905,860,243,$38.89
2025-04-15,전체400캠페인,전체400캠페인_웹사이트방문자30일,전체400캠페인_웹사이트방문자30일_3월_동영상1,$29.74,969,845,62,$773.13
2025-03-08,전체1000캠페인,전체1000캠페인_웹사이트방문자60일,전체1000캠페인_웹사이트방문자60일_3월_동영상2,$66.26,830,437,333,$355.88
2025-03-27,전체300캠페인,전체300캠페인_웹사이트방문자90일,전체300캠페인_웹사이트방문자90일_3월_동영상3,$97.12,808,433,427,$676.33
2025-04-03,전체400캠페인,전체400캠페인_웹사이트방문자90일,전체400캠페인_웹사이트방문자90일_3월_동영상1,$81.42,708,530,443,$333.06
2025-05-12,전체800캠페인,전체800캠페인_웹사이트방문자30일,전체800캠페인_웹사이트방문자30일_3월_동영상3,$74.76,574,364,119,$427.16
2025-04-03,전체300캠페인,전체300캠페인_웹사이트방문자90일,전체300캠페인_웹사이트방문자90일_3월_동영상1,$24.32,518,6,1,$548.19
2025-05-20,전체400캠페인,전체400캠페인_웹사이트방문자30일,전체400캠페인_웹사이트방문자30일_3월_동영상2,$72.70,428,75,9,$918.39
2025-04-28,전체400캠페인,전체400캠페인_웹사이트방문자30일,전체400캠페인_웹사이트방문자30일_3월_동영상2,$29.19,67,11,6,$184.40
2025-03-11,전체300캠페인,전체300캠페인_웹사이트방문자90일,전체300캠페인_웹사이트방문자90일_3월_동영상5,$58.34,165,0,0,$77.22
2025-05-04,전체700캠페인,전체700캠페인_웹사이트방문자90일,전체700캠페인_웹사이트방문자90일_3월_동영상1,$36.45,360,289,202,$195.46
2025-03-26,전체1000캠페인,전체1000캠페인_웹사이트방문자60일,전체1000캠페인_웹사이트방문자60일_3월_동영상1,$70.54,882,628,383,$668.08
2025-04-22,전체700캠페인,전체700캠페인_웹사이트방문자30일,전체700캠페인_웹사이트방문자30일_3월_동영상4,$54.22,387,251,61,$770.88
2025-04-28,전체700캠페인,전체700캠페인_웹사이트방문자30일,전체700캠페인_웹사이트방문자30일_3월_동영상4,$69.88,647,45,41,$449.57
2025-03-17,전체800캠페인,전체800캠페인_웹사이트방문자30일,전체800캠페인_웹사이트방문자30일_3월_동영상2,$26.00,383,16,6,$293.20
2025-05-30,전체300캠페인,전체300캠페인_웹사이트방문자90일,전체300캠페인_웹사이트방문자90일_3월_동영상1,$66.33,677,392,12,$585.65
2025-05-23,전체400캠페인,전체400캠페인_웹사이트방문자60일,전체400캠페인_웹사이트방문자60일_3월_동영상5,$37.90,681,376,63,$682.60
2025-03-16,전체700캠페인,전체700캠페인_웹사이트방문자90일,전체700캠페인_웹사이트방문자90일_3월_동영상5,$21.10,159,68,61,$170.10
2025-03-02,전체800캠페인,전체800캠페인_웹사이트방문자90일,전체800캠페인_웹사이트방문자90일_3월_동영상4,$40.50,514,282,260,$949.87
2025-04-16,전체700캠페인,전체700캠페인_웹사이트방문자90일,전체700캠페인_웹사이트방문자90일_3월_동영상5,$18.44,94,51,46,$489.83
2025-05-02,전체700캠페인,전체700캠페인_웹사이트방문자90일,전체700캠페인_웹사이트방문자90일_3월_동영상2,$58.72,384,71,49,$49.02
2025-03-19,전체300캠페인,전체300캠페인_웹사이트방문자90일,전체300캠페인_웹사이트방문자90일_3월_동영상5,$25.77,349,233,123,$961.06
2025-03-17,전체700캠페인,전체700캠페인_웹사이트방문자90일,전체700캠페인_웹사이트방문자90일_3월_동영상3,$29.44,929,321,174,$622.24
2025-03-29,전체1000캠페인,전체1000캠페인_웹사이트방문자60일,전체1000캠페인_웹사이트방문자60일_3월_동영상4,$8.20,284,256,214,$248.85
2025-04-20,전체700캠페인,전체700캠페인_웹사이트방문자90일,전체700캠페인_웹사이트방문자90일_3월_동영상1,$66.98,456,339,160,$784.70
2025-04-11,전체400캠페인,전체400캠페인_웹사이트방문자60일,전체400캠페인_웹사이트방문자60일_3월_동영상2,$69.91,670,312,140,$206.07
2025-05-16,전체800캠페인,전체800캠페인_웹사이트방문자30일,전체800캠페인_웹사이트방문자30일_3월_동영상3,$23.27,748,289,94,$11.82
2025-04-28,전체800캠페인,전체800캠페인_웹사이트방문자30일,전체800캠페인_웹사이트방문자30일_3월_동영상1,$59.93,133,1,0,$154.56
2025-05-04,전체1000캠페인,전체1000캠페인_웹사이트방문자90일,전체1000캠페인_웹사이트방문자90일_3월_동영상5,$94.82,866,246,70,$432.53
2025-03-10,전체400캠페인,전체400캠페인_웹사이트방문자60일,전체400캠페인_웹사이트방문자60일_3월_동영상1,$5.62,262,57,27,$705.46
2025-03-01,전체700캠페인,전체700캠페인_웹사이트방문자60일,전체700캠페인_웹사이트방문자60일_3월_동영상2,$66.24,949,274,210,$400.53
2025-03-21,전체1000캠페인,전체1000캠페인_웹사이트방문자60일,전체1000캠페인_웹사이트방문자60일_3월_동영상4,$57.81,439,137,116,$522.71
2025-04-29,전체700캠페인,전체700캠페인_웹사이트방문자30일,전체700캠페인_웹사이트방문자30일_3월_동영상2,$26.46,464,413,397,$287.62
2025-05-18,전체800캠페인,전체800캠페인_웹사이트방문자60일,전체800캠페인_웹사이트방문자60일_3월_동영상3,$99.71,944,357,93,$448.37
2025-03-13,전체800캠페인,전체800캠페인_웹사이트방문자90일,전체800캠페인_웹사이트방문자90일_3월_동영상2,$20.76,618,314,183,$523.67
2025-04-07,전체800캠페인,전체800캠페인_웹사이트방문자60일,전체800캠페인_웹사이트방문자60일_3월_동영상3,$95.06,475,270,103,$454.00
2025-03-01,전체800캠페인,전체800캠페인_웹사이트방문자30일,전체800캠페인_웹사이트방문자30일_3월_동영상5,$57.83,716,616,554,$530.66
2025-03-13,전체700캠페인,전체700캠페인_웹사이트방문자30일,전체700캠페인_웹사이트방문자30일_3월_동영상2,$5.95,799,378,97,$122.98
2025-03-20,전체1000캠페인,전체1000캠페인_웹사이트방문자60일,전체1000캠페인_웹사이트방문자60일_3월_동영상2,$44.88,396,144,133,$852.49
2025-03-31,전체1000캠페인,전체1000캠페인_웹사이트방문자30일,전체1000캠페인_웹사이트방문자30일_3월_동영상3,$47.43,63,32,2,$873.57
2025-04-16,전체700캠페인,전체700캠페인_웹사이트방문자90일,전체700캠페인_웹사이트방문자90일_3월_동영상1,$26.84,465,266,171,$235.57
2025-05-13,전체300캠페인,전체300캠페인_웹사이트방문자90일,전체300캠페인_웹사이트방문자90일_3월_동영상1,$27.48,524,76,50,$601.45
2025-05-19,전체1000캠페인,전체1000캠페인_웹사이트방문자60일,전체1000캠페인_웹사이트방문자60일_3월_동영상2,$18.74,214,20,4,$112.17
2025-05-30,전체1000캠페인,전체1000캠페인_웹사이트방문자60일,전체1000캠페인_웹사이트방문자60일_3월_동영상2,$5.85,845,27,17,$172.57
2025-05-27,전체700캠페인,전체700캠페인_웹사이트방문자60일,전체700캠페인_웹사이트방문자60일_3월_동영상2,$96.21,618,1,1,$746.57
2025-03-05,전체700캠페인,전체700캠페인_웹사이트방문자90일,전체700캠페인_웹사이트방문자90일_3월_동영상1,$39.26,861,204,65,$171.45
2025-05-04,전체800캠페인,전체800캠페인_웹사이트방문자30일,전체800캠페인_웹사이트방문자30일_3월_동영상5,$16.73,185,0,0,$686.72
2025-05-02,전체300캠페인,전체300캠페인_웹사이트방문자90일,전체300캠페인_웹사이트방문자90일_3월_동영상5,$39.92,399,68,38,$163.78
2025-04-05,전체300캠페인,전체300캠페인_웹사이트방문자90일,전체300캠페인_웹사이트방문자90일_3월_동영상2,$98.64,869,478,4,$99.87
2025-05-24,전체400캠페인,전체400캠페인_웹사이트방문자30일,전체400캠페인_웹사이트방문자30일_3월_동영상2,$8.45,432,94,5,$674.08
2025-05-11,전체400캠페인,전체400캠페인_웹사이트방문자60일,전체400캠페인_웹사이트방문자60일_3월_동영상3,$37.92,778,625,11,$503.33
2025-04-19,전체1000캠페인,전체1000캠페인_웹사이트방문자60일,전체1000캠페인_웹사이트방문자60일_3월_동영상4,$50.34,538,114,3,$542.98
2025-03-07,전체800캠페인,전체800캠페인_웹사이트방문자30일,전체800캠페인_웹사이트방문자30일_3월_동영상2,$25.33,534,270,156,$403.58
2025-04-19,전체1000캠페인,전체1000캠페인_웹사이트방문자90일,전체1000캠페인_웹사이트방문자90일_3월_동영상3,$56.09,703,3,2,$887.43
2025-03-01,전체400캠페인,전체400캠페인_웹사이트방문자30일,전체400캠페인_웹사이트방문자30일_3월_동영상2,$99.82,448,40,18,$224.99
2025-05-29,전체400캠페인,전체400캠페인_웹사이트방문자90일,전체400캠페인_웹사이트방문자90일_3월_동영상1,$52.64,201,138,94,$653.87
2025-03-19,전체1000캠페인,전체1000캠페인_웹사이트방문자60일,전체1000캠페인_웹사이트방문자60일_3월_동영상5,$10.36,674,88,84,$866.17
2025-04-16,전체300캠페인,전체300캠페인_웹사이트방문자90일,전체300캠페인_웹사이트방문자90일_3월_동영상1,$58.75,795,470,369,$958.70
2025-03-06,전체1000캠페인,전체1000캠페인_웹사이트방문자60일,전체1000캠페인_웹사이트방문자60일_3월_동영상3,$37.46,305,192,125,$671.19
2025-03-28,전체700캠페인,전체700캠페인_웹사이트방문자30일,전체700캠페인_웹사이트방문자30일_3월_동영상1,$85.68,441,322,112,$23.76
2025-05-02,전체700캠페인,전체700캠페인_웹사이트방문자90일,전체700캠페인_웹사이트방문자90일_3월_동영상1,$72.32,984,868,527,$448.94
2025-04-19,전체1000캠페인,전체1000캠페인_웹사이트방문자60일,전체1000캠페인_웹사이트방문자60일_3월_동영상5,$67.38,912,787,325,$740.93
2025-04-09,전체400캠페인,전체400캠페인_웹사이트방문자60일,전체400캠페인_웹사이트방문자60일_3월_동영상1,$85.70,527,475,335,$256.96
2025-03-03,전체800캠페인,전체800캠페인_웹사이트방문자60일,전체800캠페인_웹사이트방문자60일_3월_동영상3,$45.95,509,280,27,$451.95
2025-04-15,전체400캠페인,전체400캠페인_웹사이트방문자30일,전체400캠페인_웹사이트방문자30일_3월_동영상2,$89.22,676,661,598,$84.16
2025-05-05,전체1000캠페인,전체1000캠페인_웹사이트방문자60일,전체1000캠페인_웹사이트방문자60일_3월_동영상1,$87.20,866,74,27,$703.84
2025-04-30,전체400캠페인,전체400캠페인_웹사이트방문자90일,전체400캠페인_웹사이트방문자90일_3월_동영상1,$90.81,829,272,191,$279.73
2025-04-23,전체800캠페인,전체800캠페인_웹사이트방문자60일,전체800캠페인_웹사이트방문자60일_3월_동영상2,$51.19,716,525,375,$189.45
2025-05-10,전체800캠페인,전체800캠페인_웹사이트방문자90일,전체800캠페인_웹사이트방문자90일_3월_동영상2,$15.84,813,56,15,$535.00
2025-03-09,전체400캠페인,전체400캠페인_웹사이트방문자90일,전체400캠페인_웹사이트방문자90일_3월_동영상1,$9.12,908,717,259,$213.82
2025-04-24,전체1000캠페인,전체1000캠페인_웹사이트방문자60일,전체1000캠페인_웹사이트방문자60일_3월_동영상3,$22.41,189,78,23,$70.14
2025-05-04,전체300캠페인,전체300캠페인_웹사이트방문자90일,전체300캠페인_웹사이트방문자90일_3월_동영상2,$11.41,499,322,108,$245.96
2025-03-04,전체800캠페인,전체800캠페인_웹사이트방문자60일,전체800캠페인_웹사이트방문자60일_3월_동영상5,$40.86,404,15,7,$232.52
2025-03-12,전체800캠페인,전체800캠페인_웹사이트방문자60일,전체800캠페인_웹사이트방문자60일_3월_동영상3,$72.24,478,400,192,$881.05
2025-04-26,전체1000캠페인,전체1000캠페인_웹사이트방문자90일,전체1000캠페인_웹사이트방문자90일_3월_동영상4,$35.63,319,153,132,$520.83
2025-04-16,전체1000캠페인,전체1000캠페인_웹사이트방문자60일,전체1000캠페인_웹사이트방문자60일_3월_동영상5,$19.05,454,16,1,$673.17
2025-05-10,전체700캠페인,전체700캠페인_웹사이트방문자60일,전체700캠페인_웹사이트방문자60일_3월_동영상5,$78.32,129,63,11,$659.17
2025-04-13,전체400캠페인,전체400캠페인_웹사이트방문자60일,전체400캠페인_웹사이트방문자60일_3월_동영상5,$48.55,78,65,13,$43.48
2025-03-05,전체400캠페인,전체400캠페인_웹사이트방문자60일,전체400캠페인_웹사이트방문자60일_3월_동영상5,$71.29,493,131,41,$786.36
2025-03-26,전체300캠페인,전체300캠페인_웹사이트방문자90일,전체300캠페인_웹사이트방문자90일_3월_동영상3,$37.75,229,20,8,$675.91
2025-05-15,전체1000캠페인,전체1000캠페인_웹사이트방문자90일,전체1000캠페인_웹사이트방문자90일_3월_동영상2,$31.03,482,462,274,$791.91
2025-04-05,전체800캠페인,전체800캠페인_웹사이트방문자30일,전체800캠페인_웹사이트방문자30일_3월_동영상1,$28.84,932,833,424,$748.04
2025-03-17,전체1000캠페인,전체1000캠페인_웹사이트방문자60일,전체1000캠페인_웹사이트방문자60일_3월_동영상2,$19.50,310,279,142,$334.65
2025-05-15,전체700캠페인,전체700캠페인_웹사이트방문자90일,전체700캠페인_웹사이트방문자90일_3월_동영상5,$17.73,164,83,9,$264.08
2025-04-14,전체400캠페인,전체400캠페인_웹사이트방문자60일,전체400캠페인_웹사이트방문자60일_3월_동영상3,$18.97,913,424,156,$593.61
2025-03-14,전체700캠페인,전체700캠페인_웹사이트방문자90일,전체700캠페인_웹사이트방문자90일_3월_동영상3,$72.57,316,126,69,$183.41
2025-03-12,전체1000캠페인,전체1000캠페인_웹사이트방문자60일,전체1000캠페인_웹사이트방문자60일_3월_동영상3,$48.04,130,79,73,$734.55
2025-04-04,전체400캠페인,전체400캠페인_웹사이트방문자60일,전체400캠페인_웹사이트방문자60일_3월_동영상1,$78.69,334,272,15,$569.04
2025-04-24,전체400캠페인,전체400캠페인_웹사이트방문자60일,전체400캠페인_웹사이트방문자60일_3월_동영상2,$20.90,482,61,1,$550.60
2025-04-05,전체700캠페인,전체700캠페인_웹사이트방문자30일,전체700캠페인_웹사이트방문자30일_3월_동영상1,$52.35,993,188,171,$60.93
2025-03-15,전체700캠페인,전체700캠페인_웹사이트방문자60일,전체700캠페인_웹사이트방문자60일_3월_동영상5,$87.83,402,175,43,$944.58
2025-05-26,전체800캠페인,전체800캠페인_웹사이트방문자90일,전체800캠페인_웹사이트방문자90일_3월_동영상5,$16.82,462,326,4,$166.94
2025-04-25,전체1000캠페인,전체1000캠페인_웹사이트방문자60일,전체1000캠페인_웹사이트방문자60일_3월_동영상4,$71.82,584,334,30,$540.77
